# Crystal Storm authored stone_wall battlement
mtllib stone_wall.mtl
usemtl stone_wall_mat
o StoneWall
g stone_wall
v 0.186680 0.100000 0.000000
v 0.166112 0.100000 0.048964
v 0.290649 0.075000 0.087929
v 0.186680 0.100000 0.000000
v 0.290649 0.075000 0.087929
v 0.329983 0.075000 0.000000
v 0.166112 0.100000 0.048964
v 0.116161 0.100000 0.085535
v 0.219782 0.075000 0.161269
v 0.166112 0.100000 0.048964
v 0.219782 0.075000 0.161269
v 0.290649 0.075000 0.087929
v 0.116161 0.100000 0.085535
v 0.060953 0.100000 0.109678
v 0.123728 0.075000 0.215903
v 0.116161 0.100000 0.085535
v 0.123728 0.075000 0.215903
v 0.219782 0.075000 0.161269
v 0.060953 0.100000 0.109678
v 0.000000 0.100000 0.123978
v 0.000000 0.075000 0.239696
v 0.060953 0.100000 0.109678
v 0.000000 0.075000 0.239696
v 0.123728 0.075000 0.215903
v 0.000000 0.100000 0.123978
v -0.070768 0.100000 0.120341
v -0.127958 0.075000 0.220500
v 0.000000 0.100000 0.123978
v -0.127958 0.075000 0.220500
v 0.000000 0.075000 0.239696
v -0.070768 0.100000 0.120341
v -0.130041 0.100000 0.091781
v -0.225766 0.075000 0.163961
v -0.070768 0.100000 0.120341
v -0.225766 0.075000 0.163961
v -0.127958 0.075000 0.220500
v -0.130041 0.100000 0.091781
v -0.156297 0.100000 0.047135
v -0.286418 0.075000 0.087140
v -0.130041 0.100000 0.091781
v -0.286418 0.075000 0.087140
v -0.225766 0.075000 0.163961
v -0.156297 0.100000 0.047135
v -0.158920 0.100000 0.000000
v -0.318017 0.075000 0.000000
v -0.156297 0.100000 0.047135
v -0.318017 0.075000 0.000000
v -0.286418 0.075000 0.087140
v -0.158920 0.100000 0.000000
v -0.153180 0.100000 -0.046554
v -0.308025 0.075000 -0.091167
v -0.158920 0.100000 0.000000
v -0.308025 0.075000 -0.091167
v -0.318017 0.075000 0.000000
v -0.153180 0.100000 -0.046554
v -0.128215 0.100000 -0.090959
v -0.238423 0.075000 -0.169657
v -0.153180 0.100000 -0.046554
v -0.238423 0.075000 -0.169657
v -0.308025 0.075000 -0.091167
v -0.128215 0.100000 -0.090959
v -0.071303 0.100000 -0.120922
v -0.124251 0.075000 -0.216472
v -0.128215 0.100000 -0.090959
v -0.124251 0.075000 -0.216472
v -0.238423 0.075000 -0.169657
v -0.071303 0.100000 -0.120922
v -0.000000 0.100000 -0.125622
v -0.000000 0.075000 -0.228304
v -0.071303 0.100000 -0.120922
v -0.000000 0.075000 -0.228304
v -0.124251 0.075000 -0.216472
v -0.000000 0.100000 -0.125622
v 0.061488 0.100000 -0.110259
v 0.120020 0.075000 -0.211876
v -0.000000 0.100000 -0.125622
v 0.120020 0.075000 -0.211876
v -0.000000 0.075000 -0.228304
v 0.061488 0.100000 -0.110259
v 0.114335 0.100000 -0.084713
v 0.232439 0.075000 -0.166965
v 0.061488 0.100000 -0.110259
v 0.232439 0.075000 -0.166965
v 0.120020 0.075000 -0.211876
v 0.114335 0.100000 -0.084713
v 0.162995 0.100000 -0.048383
v 0.312256 0.075000 -0.091956
v 0.114335 0.100000 -0.084713
v 0.312256 0.075000 -0.091956
v 0.232439 0.075000 -0.166965
v 0.162995 0.100000 -0.048383
v 0.186680 0.100000 0.000000
v 0.329983 0.075000 0.000000
v 0.162995 0.100000 -0.048383
v 0.329983 0.075000 0.000000
v 0.312256 0.075000 -0.091956
v 0.329983 0.075000 0.000000
v 0.290649 0.075000 0.087929
v 0.386210 0.040000 0.116992
v 0.329983 0.075000 0.000000
v 0.386210 0.040000 0.116992
v 0.425805 0.040000 0.000000
v 0.290649 0.075000 0.087929
v 0.219782 0.075000 0.161269
v 0.302290 0.040000 0.219186
v 0.290649 0.075000 0.087929
v 0.302290 0.040000 0.219186
v 0.386210 0.040000 0.116992
v 0.219782 0.075000 0.161269
v 0.123728 0.075000 0.215903
v 0.169348 0.040000 0.292627
v 0.219782 0.075000 0.161269
v 0.169348 0.040000 0.292627
v 0.302290 0.040000 0.219186
v 0.123728 0.075000 0.215903
v 0.000000 0.075000 0.239696
v 0.000000 0.040000 0.317650
v 0.123728 0.075000 0.215903
v 0.000000 0.040000 0.317650
v 0.169348 0.040000 0.292627
v 0.000000 0.075000 0.239696
v -0.127958 0.075000 0.220500
v -0.164967 0.040000 0.287868
v 0.000000 0.075000 0.239696
v -0.164967 0.040000 0.287868
v 0.000000 0.040000 0.317650
v -0.127958 0.075000 0.220500
v -0.225766 0.075000 0.163961
v -0.296095 0.040000 0.216399
v -0.127958 0.075000 0.220500
v -0.296095 0.040000 0.216399
v -0.164967 0.040000 0.287868
v -0.225766 0.075000 0.163961
v -0.286418 0.075000 0.087140
v -0.390590 0.040000 0.117808
v -0.225766 0.075000 0.163961
v -0.390590 0.040000 0.117808
v -0.296095 0.040000 0.216399
v -0.286418 0.075000 0.087140
v -0.318017 0.075000 0.000000
v -0.438195 0.040000 0.000000
v -0.286418 0.075000 0.087140
v -0.438195 0.040000 0.000000
v -0.390590 0.040000 0.117808
v -0.318017 0.075000 0.000000
v -0.308025 0.075000 -0.091167
v -0.412022 0.040000 -0.121803
v -0.318017 0.075000 0.000000
v -0.412022 0.040000 -0.121803
v -0.438195 0.040000 0.000000
v -0.308025 0.075000 -0.091167
v -0.238423 0.075000 -0.169657
v -0.308650 0.040000 -0.222048
v -0.308025 0.075000 -0.091167
v -0.308650 0.040000 -0.222048
v -0.412022 0.040000 -0.121803
v -0.238423 0.075000 -0.169657
v -0.124251 0.075000 -0.216472
v -0.161290 0.040000 -0.283873
v -0.238423 0.075000 -0.169657
v -0.161290 0.040000 -0.283873
v -0.308650 0.040000 -0.222048
v -0.124251 0.075000 -0.216472
v -0.000000 0.075000 -0.228304
v -0.000000 0.040000 -0.306350
v -0.124251 0.075000 -0.216472
v -0.000000 0.040000 -0.306350
v -0.161290 0.040000 -0.283873
v -0.000000 0.075000 -0.228304
v 0.120020 0.075000 -0.211876
v 0.165671 0.040000 -0.288633
v -0.000000 0.075000 -0.228304
v 0.165671 0.040000 -0.288633
v -0.000000 0.040000 -0.306350
v 0.120020 0.075000 -0.211876
v 0.232439 0.075000 -0.166965
v 0.314845 0.040000 -0.224836
v 0.120020 0.075000 -0.211876
v 0.314845 0.040000 -0.224836
v 0.165671 0.040000 -0.288633
v 0.232439 0.075000 -0.166965
v 0.312256 0.075000 -0.091956
v 0.407642 0.040000 -0.120986
v 0.232439 0.075000 -0.166965
v 0.407642 0.040000 -0.120986
v 0.314845 0.040000 -0.224836
v 0.312256 0.075000 -0.091956
v 0.329983 0.075000 0.000000
v 0.425805 0.040000 0.000000
v 0.312256 0.075000 -0.091956
v 0.425805 0.040000 0.000000
v 0.407642 0.040000 -0.120986
v 0.425805 0.040000 0.000000
v 0.386210 0.040000 0.116992
v 0.491537 0.000000 0.147875
v 0.425805 0.040000 0.000000
v 0.491537 0.000000 0.147875
v 0.526315 0.000000 0.000000
v 0.386210 0.040000 0.116992
v 0.302290 0.040000 0.219186
v 0.387205 0.000000 0.278187
v 0.386210 0.040000 0.116992
v 0.387205 0.000000 0.278187
v 0.491537 0.000000 0.147875
v 0.302290 0.040000 0.219186
v 0.169348 0.040000 0.292627
v 0.211920 0.000000 0.366039
v 0.302290 0.040000 0.219186
v 0.211920 0.000000 0.366039
v 0.387205 0.000000 0.278187
v 0.169348 0.040000 0.292627
v 0.000000 0.040000 0.317650
v 0.000000 0.000000 0.391328
v 0.169348 0.040000 0.292627
v 0.000000 0.000000 0.391328
v 0.211920 0.000000 0.366039
v 0.000000 0.040000 0.317650
v -0.164967 0.040000 0.287868
v -0.202243 0.000000 0.355526
v 0.000000 0.040000 0.317650
v -0.202243 0.000000 0.355526
v 0.000000 0.000000 0.391328
v -0.164967 0.040000 0.287868
v -0.296095 0.040000 0.216399
v -0.373519 0.000000 0.272028
v -0.164967 0.040000 0.287868
v -0.373519 0.000000 0.272028
v -0.202243 0.000000 0.355526
v -0.296095 0.040000 0.216399
v -0.390590 0.040000 0.117808
v -0.501215 0.000000 0.149679
v -0.296095 0.040000 0.216399
v -0.501215 0.000000 0.149679
v -0.373519 0.000000 0.272028
v -0.390590 0.040000 0.117808
v -0.438195 0.040000 0.000000
v -0.553685 0.000000 0.000000
v -0.390590 0.040000 0.117808
v -0.553685 0.000000 0.000000
v -0.501215 0.000000 0.149679
v -0.438195 0.040000 0.000000
v -0.412022 0.040000 -0.121803
v -0.506252 0.000000 -0.150618
v -0.438195 0.040000 0.000000
v -0.506252 0.000000 -0.150618
v -0.553685 0.000000 0.000000
v -0.412022 0.040000 -0.121803
v -0.308650 0.040000 -0.222048
v -0.376471 0.000000 -0.273356
v -0.412022 0.040000 -0.121803
v -0.376471 0.000000 -0.273356
v -0.506252 0.000000 -0.150618
v -0.308650 0.040000 -0.222048
v -0.161290 0.040000 -0.283873
v -0.201378 0.000000 -0.354587
v -0.308650 0.040000 -0.222048
v -0.201378 0.000000 -0.354587
v -0.376471 0.000000 -0.273356
v -0.161290 0.040000 -0.283873
v -0.000000 0.040000 -0.306350
v -0.000000 0.000000 -0.388672
v -0.161290 0.040000 -0.283873
v -0.000000 0.000000 -0.388672
v -0.201378 0.000000 -0.354587
v -0.000000 0.040000 -0.306350
v 0.165671 0.040000 -0.288633
v 0.211055 0.000000 -0.365100
v -0.000000 0.040000 -0.306350
v 0.211055 0.000000 -0.365100
v -0.000000 0.000000 -0.388672
v 0.165671 0.040000 -0.288633
v 0.314845 0.040000 -0.224836
v 0.390156 0.000000 -0.279515
v 0.165671 0.040000 -0.288633
v 0.390156 0.000000 -0.279515
v 0.211055 0.000000 -0.365100
v 0.314845 0.040000 -0.224836
v 0.407642 0.040000 -0.120986
v 0.496575 0.000000 -0.148814
v 0.314845 0.040000 -0.224836
v 0.496575 0.000000 -0.148814
v 0.390156 0.000000 -0.279515
v 0.407642 0.040000 -0.120986
v 0.425805 0.040000 0.000000
v 0.526315 0.000000 0.000000
v 0.407642 0.040000 -0.120986
v 0.526315 0.000000 0.000000
v 0.496575 0.000000 -0.148814
v 0.000000 0.100000 0.000000
v 0.186680 0.100000 0.000000
v 0.166112 0.100000 0.048964
v 0.000000 0.100000 0.000000
v 0.166112 0.100000 0.048964
v 0.116161 0.100000 0.085535
v 0.000000 0.100000 0.000000
v 0.116161 0.100000 0.085535
v 0.060953 0.100000 0.109678
v 0.000000 0.100000 0.000000
v 0.060953 0.100000 0.109678
v 0.000000 0.100000 0.123978
v 0.000000 0.100000 0.000000
v 0.000000 0.100000 0.123978
v -0.070768 0.100000 0.120341
v 0.000000 0.100000 0.000000
v -0.070768 0.100000 0.120341
v -0.130041 0.100000 0.091781
v 0.000000 0.100000 0.000000
v -0.130041 0.100000 0.091781
v -0.156297 0.100000 0.047135
v 0.000000 0.100000 0.000000
v -0.156297 0.100000 0.047135
v -0.158920 0.100000 0.000000
v 0.000000 0.100000 0.000000
v -0.158920 0.100000 0.000000
v -0.153180 0.100000 -0.046554
v 0.000000 0.100000 0.000000
v -0.153180 0.100000 -0.046554
v -0.128215 0.100000 -0.090959
v 0.000000 0.100000 0.000000
v -0.128215 0.100000 -0.090959
v -0.071303 0.100000 -0.120922
v 0.000000 0.100000 0.000000
v -0.071303 0.100000 -0.120922
v -0.000000 0.100000 -0.125622
v 0.000000 0.100000 0.000000
v -0.000000 0.100000 -0.125622
v 0.061488 0.100000 -0.110259
v 0.000000 0.100000 0.000000
v 0.061488 0.100000 -0.110259
v 0.114335 0.100000 -0.084713
v 0.000000 0.100000 0.000000
v 0.114335 0.100000 -0.084713
v 0.162995 0.100000 -0.048383
v 0.000000 0.100000 0.000000
v 0.162995 0.100000 -0.048383
v 0.186680 0.100000 0.000000
v -0.475000 0.000000 -0.250000
v -0.005000 0.000000 -0.250000
v -0.005000 0.136000 -0.250000
v -0.475000 0.000000 -0.250000
v -0.005000 0.136000 -0.250000
v -0.475000 0.136000 -0.250000
v -0.005000 0.000000 0.250000
v -0.475000 0.000000 0.250000
v -0.475000 0.136000 0.250000
v -0.005000 0.000000 0.250000
v -0.475000 0.136000 0.250000
v -0.005000 0.136000 0.250000
v -0.475000 0.000000 0.250000
v -0.475000 0.000000 -0.250000
v -0.475000 0.136000 -0.250000
v -0.475000 0.000000 0.250000
v -0.475000 0.136000 -0.250000
v -0.475000 0.136000 0.250000
v -0.005000 0.000000 -0.250000
v -0.005000 0.000000 0.250000
v -0.005000 0.136000 0.250000
v -0.005000 0.000000 -0.250000
v -0.005000 0.136000 0.250000
v -0.005000 0.136000 -0.250000
v -0.475000 0.000000 0.250000
v -0.005000 0.000000 0.250000
v -0.005000 0.000000 -0.250000
v -0.475000 0.000000 0.250000
v -0.005000 0.000000 -0.250000
v -0.475000 0.000000 -0.250000
v -0.475000 0.136000 -0.250000
v -0.005000 0.136000 -0.250000
v -0.019000 0.150000 -0.236000
v -0.475000 0.136000 -0.250000
v -0.019000 0.150000 -0.236000
v -0.461000 0.150000 -0.236000
v -0.005000 0.136000 -0.250000
v -0.005000 0.136000 0.250000
v -0.019000 0.150000 0.236000
v -0.005000 0.136000 -0.250000
v -0.019000 0.150000 0.236000
v -0.019000 0.150000 -0.236000
v -0.005000 0.136000 0.250000
v -0.475000 0.136000 0.250000
v -0.461000 0.150000 0.236000
v -0.005000 0.136000 0.250000
v -0.461000 0.150000 0.236000
v -0.019000 0.150000 0.236000
v -0.475000 0.136000 0.250000
v -0.475000 0.136000 -0.250000
v -0.461000 0.150000 -0.236000
v -0.475000 0.136000 0.250000
v -0.461000 0.150000 -0.236000
v -0.461000 0.150000 0.236000
v -0.461000 0.150000 -0.236000
v -0.019000 0.150000 -0.236000
v -0.019000 0.150000 0.236000
v -0.461000 0.150000 -0.236000
v -0.019000 0.150000 0.236000
v -0.461000 0.150000 0.236000
v 0.005000 0.000000 -0.230000
v 0.475000 0.000000 -0.230000
v 0.475000 0.130000 -0.230000
v 0.005000 0.000000 -0.230000
v 0.475000 0.130000 -0.230000
v 0.005000 0.130000 -0.230000
v 0.475000 0.000000 0.250000
v 0.005000 0.000000 0.250000
v 0.005000 0.130000 0.250000
v 0.475000 0.000000 0.250000
v 0.005000 0.130000 0.250000
v 0.475000 0.130000 0.250000
v 0.005000 0.000000 0.250000
v 0.005000 0.000000 -0.230000
v 0.005000 0.130000 -0.230000
v 0.005000 0.000000 0.250000
v 0.005000 0.130000 -0.230000
v 0.005000 0.130000 0.250000
v 0.475000 0.000000 -0.230000
v 0.475000 0.000000 0.250000
v 0.475000 0.130000 0.250000
v 0.475000 0.000000 -0.230000
v 0.475000 0.130000 0.250000
v 0.475000 0.130000 -0.230000
v 0.005000 0.000000 0.250000
v 0.475000 0.000000 0.250000
v 0.475000 0.000000 -0.230000
v 0.005000 0.000000 0.250000
v 0.475000 0.000000 -0.230000
v 0.005000 0.000000 -0.230000
v 0.005000 0.130000 -0.230000
v 0.475000 0.130000 -0.230000
v 0.461000 0.144000 -0.216000
v 0.005000 0.130000 -0.230000
v 0.461000 0.144000 -0.216000
v 0.019000 0.144000 -0.216000
v 0.475000 0.130000 -0.230000
v 0.475000 0.130000 0.250000
v 0.461000 0.144000 0.236000
v 0.475000 0.130000 -0.230000
v 0.461000 0.144000 0.236000
v 0.461000 0.144000 -0.216000
v 0.475000 0.130000 0.250000
v 0.005000 0.130000 0.250000
v 0.019000 0.144000 0.236000
v 0.475000 0.130000 0.250000
v 0.019000 0.144000 0.236000
v 0.461000 0.144000 0.236000
v 0.005000 0.130000 0.250000
v 0.005000 0.130000 -0.230000
v 0.019000 0.144000 -0.216000
v 0.005000 0.130000 0.250000
v 0.019000 0.144000 -0.216000
v 0.019000 0.144000 0.236000
v 0.019000 0.144000 -0.216000
v 0.461000 0.144000 -0.216000
v 0.461000 0.144000 0.236000
v 0.019000 0.144000 -0.216000
v 0.461000 0.144000 0.236000
v 0.019000 0.144000 0.236000
v -0.475000 0.160000 -0.210388
v -0.050030 0.160000 -0.210388
v -0.050030 0.523687 -0.210388
v -0.475000 0.160000 -0.210388
v -0.050030 0.523687 -0.210388
v -0.475000 0.523687 -0.210388
v -0.050030 0.160000 0.203749
v -0.475000 0.160000 0.203749
v -0.475000 0.523687 0.203749
v -0.050030 0.160000 0.203749
v -0.475000 0.523687 0.203749
v -0.050030 0.523687 0.203749
v -0.475000 0.160000 0.203749
v -0.475000 0.160000 -0.210388
v -0.475000 0.523687 -0.210388
v -0.475000 0.160000 0.203749
v -0.475000 0.523687 -0.210388
v -0.475000 0.523687 0.203749
v -0.050030 0.160000 -0.210388
v -0.050030 0.160000 0.203749
v -0.050030 0.523687 0.203749
v -0.050030 0.160000 -0.210388
v -0.050030 0.523687 0.203749
v -0.050030 0.523687 -0.210388
v -0.475000 0.160000 0.203749
v -0.050030 0.160000 0.203749
v -0.050030 0.160000 -0.210388
v -0.475000 0.160000 0.203749
v -0.050030 0.160000 -0.210388
v -0.475000 0.160000 -0.210388
v -0.475000 0.523687 -0.210388
v -0.050030 0.523687 -0.210388
v -0.061030 0.534687 -0.199388
v -0.475000 0.523687 -0.210388
v -0.061030 0.534687 -0.199388
v -0.464000 0.534687 -0.199388
v -0.050030 0.523687 -0.210388
v -0.050030 0.523687 0.203749
v -0.061030 0.534687 0.192749
v -0.050030 0.523687 -0.210388
v -0.061030 0.534687 0.192749
v -0.061030 0.534687 -0.199388
v -0.050030 0.523687 0.203749
v -0.475000 0.523687 0.203749
v -0.464000 0.534687 0.192749
v -0.050030 0.523687 0.203749
v -0.464000 0.534687 0.192749
v -0.061030 0.534687 0.192749
v -0.475000 0.523687 0.203749
v -0.475000 0.523687 -0.210388
v -0.464000 0.534687 -0.199388
v -0.475000 0.523687 0.203749
v -0.464000 0.534687 -0.199388
v -0.464000 0.534687 0.192749
v -0.464000 0.534687 -0.199388
v -0.061030 0.534687 -0.199388
v -0.061030 0.534687 0.192749
v -0.464000 0.534687 -0.199388
v -0.061030 0.534687 0.192749
v -0.464000 0.534687 0.192749
v -0.034030 0.160000 -0.209477
v 0.475000 0.160000 -0.209477
v 0.475000 0.529699 -0.209477
v -0.034030 0.160000 -0.209477
v 0.475000 0.529699 -0.209477
v -0.034030 0.529699 -0.209477
v 0.475000 0.160000 0.215012
v -0.034030 0.160000 0.215012
v -0.034030 0.529699 0.215012
v 0.475000 0.160000 0.215012
v -0.034030 0.529699 0.215012
v 0.475000 0.529699 0.215012
v -0.034030 0.160000 0.215012
v -0.034030 0.160000 -0.209477
v -0.034030 0.529699 -0.209477
v -0.034030 0.160000 0.215012
v -0.034030 0.529699 -0.209477
v -0.034030 0.529699 0.215012
v 0.475000 0.160000 -0.209477
v 0.475000 0.160000 0.215012
v 0.475000 0.529699 0.215012
v 0.475000 0.160000 -0.209477
v 0.475000 0.529699 0.215012
v 0.475000 0.529699 -0.209477
v -0.034030 0.160000 0.215012
v 0.475000 0.160000 0.215012
v 0.475000 0.160000 -0.209477
v -0.034030 0.160000 0.215012
v 0.475000 0.160000 -0.209477
v -0.034030 0.160000 -0.209477
v -0.034030 0.529699 -0.209477
v 0.475000 0.529699 -0.209477
v 0.464000 0.540699 -0.198477
v -0.034030 0.529699 -0.209477
v 0.464000 0.540699 -0.198477
v -0.023030 0.540699 -0.198477
v 0.475000 0.529699 -0.209477
v 0.475000 0.529699 0.215012
v 0.464000 0.540699 0.204012
v 0.475000 0.529699 -0.209477
v 0.464000 0.540699 0.204012
v 0.464000 0.540699 -0.198477
v 0.475000 0.529699 0.215012
v -0.034030 0.529699 0.215012
v -0.023030 0.540699 0.204012
v 0.475000 0.529699 0.215012
v -0.023030 0.540699 0.204012
v 0.464000 0.540699 0.204012
v -0.034030 0.529699 0.215012
v -0.034030 0.529699 -0.209477
v -0.023030 0.540699 -0.198477
v -0.034030 0.529699 0.215012
v -0.023030 0.540699 -0.198477
v -0.023030 0.540699 0.204012
v -0.023030 0.540699 -0.198477
v 0.464000 0.540699 -0.198477
v 0.464000 0.540699 0.204012
v -0.023030 0.540699 -0.198477
v 0.464000 0.540699 0.204012
v -0.023030 0.540699 0.204012
v -0.457558 0.540000 -0.191141
v -0.128331 0.540000 -0.191141
v -0.128331 0.909773 -0.191141
v -0.457558 0.540000 -0.191141
v -0.128331 0.909773 -0.191141
v -0.457558 0.909773 -0.191141
v -0.128331 0.540000 0.190389
v -0.457558 0.540000 0.190389
v -0.457558 0.909773 0.190389
v -0.128331 0.540000 0.190389
v -0.457558 0.909773 0.190389
v -0.128331 0.909773 0.190389
v -0.457558 0.540000 0.190389
v -0.457558 0.540000 -0.191141
v -0.457558 0.909773 -0.191141
v -0.457558 0.540000 0.190389
v -0.457558 0.909773 -0.191141
v -0.457558 0.909773 0.190389
v -0.128331 0.540000 -0.191141
v -0.128331 0.540000 0.190389
v -0.128331 0.909773 0.190389
v -0.128331 0.540000 -0.191141
v -0.128331 0.909773 0.190389
v -0.128331 0.909773 -0.191141
v -0.457558 0.540000 0.190389
v -0.128331 0.540000 0.190389
v -0.128331 0.540000 -0.191141
v -0.457558 0.540000 0.190389
v -0.128331 0.540000 -0.191141
v -0.457558 0.540000 -0.191141
v -0.457558 0.909773 -0.191141
v -0.128331 0.909773 -0.191141
v -0.139331 0.920773 -0.180141
v -0.457558 0.909773 -0.191141
v -0.139331 0.920773 -0.180141
v -0.446558 0.920773 -0.180141
v -0.128331 0.909773 -0.191141
v -0.128331 0.909773 0.190389
v -0.139331 0.920773 0.179389
v -0.128331 0.909773 -0.191141
v -0.139331 0.920773 0.179389
v -0.139331 0.920773 -0.180141
v -0.128331 0.909773 0.190389
v -0.457558 0.909773 0.190389
v -0.446558 0.920773 0.179389
v -0.128331 0.909773 0.190389
v -0.446558 0.920773 0.179389
v -0.139331 0.920773 0.179389
v -0.457558 0.909773 0.190389
v -0.457558 0.909773 -0.191141
v -0.446558 0.920773 -0.180141
v -0.457558 0.909773 0.190389
v -0.446558 0.920773 -0.180141
v -0.446558 0.920773 0.179389
v -0.446558 0.920773 -0.180141
v -0.139331 0.920773 -0.180141
v -0.139331 0.920773 0.179389
v -0.446558 0.920773 -0.180141
v -0.139331 0.920773 0.179389
v -0.446558 0.920773 0.179389
v -0.112331 0.540000 -0.207291
v 0.206893 0.540000 -0.207291
v 0.206893 0.908457 -0.207291
v -0.112331 0.540000 -0.207291
v 0.206893 0.908457 -0.207291
v -0.112331 0.908457 -0.207291
v 0.206893 0.540000 0.213535
v -0.112331 0.540000 0.213535
v -0.112331 0.908457 0.213535
v 0.206893 0.540000 0.213535
v -0.112331 0.908457 0.213535
v 0.206893 0.908457 0.213535
v -0.112331 0.540000 0.213535
v -0.112331 0.540000 -0.207291
v -0.112331 0.908457 -0.207291
v -0.112331 0.540000 0.213535
v -0.112331 0.908457 -0.207291
v -0.112331 0.908457 0.213535
v 0.206893 0.540000 -0.207291
v 0.206893 0.540000 0.213535
v 0.206893 0.908457 0.213535
v 0.206893 0.540000 -0.207291
v 0.206893 0.908457 0.213535
v 0.206893 0.908457 -0.207291
v -0.112331 0.540000 0.213535
v 0.206893 0.540000 0.213535
v 0.206893 0.540000 -0.207291
v -0.112331 0.540000 0.213535
v 0.206893 0.540000 -0.207291
v -0.112331 0.540000 -0.207291
v -0.112331 0.908457 -0.207291
v 0.206893 0.908457 -0.207291
v 0.195893 0.919457 -0.196291
v -0.112331 0.908457 -0.207291
v 0.195893 0.919457 -0.196291
v -0.101331 0.919457 -0.196291
v 0.206893 0.908457 -0.207291
v 0.206893 0.908457 0.213535
v 0.195893 0.919457 0.202535
v 0.206893 0.908457 -0.207291
v 0.195893 0.919457 0.202535
v 0.195893 0.919457 -0.196291
v 0.206893 0.908457 0.213535
v -0.112331 0.908457 0.213535
v -0.101331 0.919457 0.202535
v 0.206893 0.908457 0.213535
v -0.101331 0.919457 0.202535
v 0.195893 0.919457 0.202535
v -0.112331 0.908457 0.213535
v -0.112331 0.908457 -0.207291
v -0.101331 0.919457 -0.196291
v -0.112331 0.908457 0.213535
v -0.101331 0.919457 -0.196291
v -0.101331 0.919457 0.202535
v -0.101331 0.919457 -0.196291
v 0.195893 0.919457 -0.196291
v 0.195893 0.919457 0.202535
v -0.101331 0.919457 -0.196291
v 0.195893 0.919457 0.202535
v -0.101331 0.919457 0.202535
v 0.222893 0.540000 -0.197191
v 0.475000 0.540000 -0.197191
v 0.475000 0.906269 -0.197191
v 0.222893 0.540000 -0.197191
v 0.475000 0.906269 -0.197191
v 0.222893 0.906269 -0.197191
v 0.475000 0.540000 0.205284
v 0.222893 0.540000 0.205284
v 0.222893 0.906269 0.205284
v 0.475000 0.540000 0.205284
v 0.222893 0.906269 0.205284
v 0.475000 0.906269 0.205284
v 0.222893 0.540000 0.205284
v 0.222893 0.540000 -0.197191
v 0.222893 0.906269 -0.197191
v 0.222893 0.540000 0.205284
v 0.222893 0.906269 -0.197191
v 0.222893 0.906269 0.205284
v 0.475000 0.540000 -0.197191
v 0.475000 0.540000 0.205284
v 0.475000 0.906269 0.205284
v 0.475000 0.540000 -0.197191
v 0.475000 0.906269 0.205284
v 0.475000 0.906269 -0.197191
v 0.222893 0.540000 0.205284
v 0.475000 0.540000 0.205284
v 0.475000 0.540000 -0.197191
v 0.222893 0.540000 0.205284
v 0.475000 0.540000 -0.197191
v 0.222893 0.540000 -0.197191
v 0.222893 0.906269 -0.197191
v 0.475000 0.906269 -0.197191
v 0.464000 0.917269 -0.186191
v 0.222893 0.906269 -0.197191
v 0.464000 0.917269 -0.186191
v 0.233893 0.917269 -0.186191
v 0.475000 0.906269 -0.197191
v 0.475000 0.906269 0.205284
v 0.464000 0.917269 0.194284
v 0.475000 0.906269 -0.197191
v 0.464000 0.917269 0.194284
v 0.464000 0.917269 -0.186191
v 0.475000 0.906269 0.205284
v 0.222893 0.906269 0.205284
v 0.233893 0.917269 0.194284
v 0.475000 0.906269 0.205284
v 0.233893 0.917269 0.194284
v 0.464000 0.917269 0.194284
v 0.222893 0.906269 0.205284
v 0.222893 0.906269 -0.197191
v 0.233893 0.917269 -0.186191
v 0.222893 0.906269 0.205284
v 0.233893 0.917269 -0.186191
v 0.233893 0.917269 0.194284
v 0.233893 0.917269 -0.186191
v 0.464000 0.917269 -0.186191
v 0.464000 0.917269 0.194284
v 0.233893 0.917269 -0.186191
v 0.464000 0.917269 0.194284
v 0.233893 0.917269 0.194284
v -0.475000 0.920000 -0.173093
v -0.045220 0.920000 -0.173093
v -0.045220 1.207371 -0.173093
v -0.475000 0.920000 -0.173093
v -0.045220 1.207371 -0.173093
v -0.475000 1.207371 -0.173093
v -0.045220 0.920000 0.179920
v -0.475000 0.920000 0.179920
v -0.475000 1.207371 0.179920
v -0.045220 0.920000 0.179920
v -0.475000 1.207371 0.179920
v -0.045220 1.207371 0.179920
v -0.475000 0.920000 0.179920
v -0.475000 0.920000 -0.173093
v -0.475000 1.207371 -0.173093
v -0.475000 0.920000 0.179920
v -0.475000 1.207371 -0.173093
v -0.475000 1.207371 0.179920
v -0.045220 0.920000 -0.173093
v -0.045220 0.920000 0.179920
v -0.045220 1.207371 0.179920
v -0.045220 0.920000 -0.173093
v -0.045220 1.207371 0.179920
v -0.045220 1.207371 -0.173093
v -0.475000 0.920000 0.179920
v -0.045220 0.920000 0.179920
v -0.045220 0.920000 -0.173093
v -0.475000 0.920000 0.179920
v -0.045220 0.920000 -0.173093
v -0.475000 0.920000 -0.173093
v -0.475000 1.207371 -0.173093
v -0.045220 1.207371 -0.173093
v -0.056220 1.218371 -0.162094
v -0.475000 1.207371 -0.173093
v -0.056220 1.218371 -0.162094
v -0.464000 1.218371 -0.162094
v -0.045220 1.207371 -0.173093
v -0.045220 1.207371 0.179920
v -0.056220 1.218371 0.168920
v -0.045220 1.207371 -0.173093
v -0.056220 1.218371 0.168920
v -0.056220 1.218371 -0.162094
v -0.045220 1.207371 0.179920
v -0.475000 1.207371 0.179920
v -0.464000 1.218371 0.168920
v -0.045220 1.207371 0.179920
v -0.464000 1.218371 0.168920
v -0.056220 1.218371 0.168920
v -0.475000 1.207371 0.179920
v -0.475000 1.207371 -0.173093
v -0.464000 1.218371 -0.162094
v -0.475000 1.207371 0.179920
v -0.464000 1.218371 -0.162094
v -0.464000 1.218371 0.168920
v -0.464000 1.218371 -0.162094
v -0.056220 1.218371 -0.162094
v -0.056220 1.218371 0.168920
v -0.464000 1.218371 -0.162094
v -0.056220 1.218371 0.168920
v -0.464000 1.218371 0.168920
v -0.029220 0.920000 -0.176442
v 0.475000 0.920000 -0.176442
v 0.475000 1.207022 -0.176442
v -0.029220 0.920000 -0.176442
v 0.475000 1.207022 -0.176442
v -0.029220 1.207022 -0.176442
v 0.475000 0.920000 0.182626
v -0.029220 0.920000 0.182626
v -0.029220 1.207022 0.182626
v 0.475000 0.920000 0.182626
v -0.029220 1.207022 0.182626
v 0.475000 1.207022 0.182626
v -0.029220 0.920000 0.182626
v -0.029220 0.920000 -0.176442
v -0.029220 1.207022 -0.176442
v -0.029220 0.920000 0.182626
v -0.029220 1.207022 -0.176442
v -0.029220 1.207022 0.182626
v 0.475000 0.920000 -0.176442
v 0.475000 0.920000 0.182626
v 0.475000 1.207022 0.182626
v 0.475000 0.920000 -0.176442
v 0.475000 1.207022 0.182626
v 0.475000 1.207022 -0.176442
v -0.029220 0.920000 0.182626
v 0.475000 0.920000 0.182626
v 0.475000 0.920000 -0.176442
v -0.029220 0.920000 0.182626
v 0.475000 0.920000 -0.176442
v -0.029220 0.920000 -0.176442
v -0.029220 1.207022 -0.176442
v 0.475000 1.207022 -0.176442
v 0.464000 1.218022 -0.165442
v -0.029220 1.207022 -0.176442
v 0.464000 1.218022 -0.165442
v -0.018220 1.218022 -0.165442
v 0.475000 1.207022 -0.176442
v 0.475000 1.207022 0.182626
v 0.464000 1.218022 0.171626
v 0.475000 1.207022 -0.176442
v 0.464000 1.218022 0.171626
v 0.464000 1.218022 -0.165442
v 0.475000 1.207022 0.182626
v -0.029220 1.207022 0.182626
v -0.018220 1.218022 0.171626
v 0.475000 1.207022 0.182626
v -0.018220 1.218022 0.171626
v 0.464000 1.218022 0.171626
v -0.029220 1.207022 0.182626
v -0.029220 1.207022 -0.176442
v -0.018220 1.218022 -0.165442
v -0.029220 1.207022 0.182626
v -0.018220 1.218022 -0.165442
v -0.018220 1.218022 0.171626
v -0.018220 1.218022 -0.165442
v 0.464000 1.218022 -0.165442
v 0.464000 1.218022 0.171626
v -0.018220 1.218022 -0.165442
v 0.464000 1.218022 0.171626
v -0.018220 1.218022 0.171626
v -0.480000 1.217500 -0.210000
v 0.480000 1.217500 -0.210000
v 0.480000 1.264500 -0.210000
v -0.480000 1.217500 -0.210000
v 0.480000 1.264500 -0.210000
v -0.480000 1.264500 -0.210000
v 0.480000 1.217500 0.210000
v -0.480000 1.217500 0.210000
v -0.480000 1.264500 0.210000
v 0.480000 1.217500 0.210000
v -0.480000 1.264500 0.210000
v 0.480000 1.264500 0.210000
v -0.480000 1.217500 0.210000
v -0.480000 1.217500 -0.210000
v -0.480000 1.264500 -0.210000
v -0.480000 1.217500 0.210000
v -0.480000 1.264500 -0.210000
v -0.480000 1.264500 0.210000
v 0.480000 1.217500 -0.210000
v 0.480000 1.217500 0.210000
v 0.480000 1.264500 0.210000
v 0.480000 1.217500 -0.210000
v 0.480000 1.264500 0.210000
v 0.480000 1.264500 -0.210000
v -0.480000 1.217500 0.210000
v 0.480000 1.217500 0.210000
v 0.480000 1.217500 -0.210000
v -0.480000 1.217500 0.210000
v 0.480000 1.217500 -0.210000
v -0.480000 1.217500 -0.210000
v -0.480000 1.264500 -0.210000
v 0.480000 1.264500 -0.210000
v 0.472000 1.272500 -0.202000
v -0.480000 1.264500 -0.210000
v 0.472000 1.272500 -0.202000
v -0.472000 1.272500 -0.202000
v 0.480000 1.264500 -0.210000
v 0.480000 1.264500 0.210000
v 0.472000 1.272500 0.202000
v 0.480000 1.264500 -0.210000
v 0.472000 1.272500 0.202000
v 0.472000 1.272500 -0.202000
v 0.480000 1.264500 0.210000
v -0.480000 1.264500 0.210000
v -0.472000 1.272500 0.202000
v 0.480000 1.264500 0.210000
v -0.472000 1.272500 0.202000
v 0.472000 1.272500 0.202000
v -0.480000 1.264500 0.210000
v -0.480000 1.264500 -0.210000
v -0.472000 1.272500 -0.202000
v -0.480000 1.264500 0.210000
v -0.472000 1.272500 -0.202000
v -0.472000 1.272500 0.202000
v -0.472000 1.272500 -0.202000
v 0.472000 1.272500 -0.202000
v 0.472000 1.272500 0.202000
v -0.472000 1.272500 -0.202000
v 0.472000 1.272500 0.202000
v -0.472000 1.272500 0.202000
v -0.460000 1.280000 -0.220000
v -0.080000 1.280000 -0.220000
v -0.080000 1.907000 -0.220000
v -0.460000 1.280000 -0.220000
v -0.080000 1.907000 -0.220000
v -0.460000 1.907000 -0.220000
v -0.080000 1.280000 0.220000
v -0.460000 1.280000 0.220000
v -0.460000 1.907000 0.220000
v -0.080000 1.280000 0.220000
v -0.460000 1.907000 0.220000
v -0.080000 1.907000 0.220000
v -0.460000 1.280000 0.220000
v -0.460000 1.280000 -0.220000
v -0.460000 1.907000 -0.220000
v -0.460000 1.280000 0.220000
v -0.460000 1.907000 -0.220000
v -0.460000 1.907000 0.220000
v -0.080000 1.280000 -0.220000
v -0.080000 1.280000 0.220000
v -0.080000 1.907000 0.220000
v -0.080000 1.280000 -0.220000
v -0.080000 1.907000 0.220000
v -0.080000 1.907000 -0.220000
v -0.460000 1.280000 0.220000
v -0.080000 1.280000 0.220000
v -0.080000 1.280000 -0.220000
v -0.460000 1.280000 0.220000
v -0.080000 1.280000 -0.220000
v -0.460000 1.280000 -0.220000
v -0.460000 1.907000 -0.220000
v -0.080000 1.907000 -0.220000
v -0.093000 1.920000 -0.207000
v -0.460000 1.907000 -0.220000
v -0.093000 1.920000 -0.207000
v -0.447000 1.920000 -0.207000
v -0.080000 1.907000 -0.220000
v -0.080000 1.907000 0.220000
v -0.093000 1.920000 0.207000
v -0.080000 1.907000 -0.220000
v -0.093000 1.920000 0.207000
v -0.093000 1.920000 -0.207000
v -0.080000 1.907000 0.220000
v -0.460000 1.907000 0.220000
v -0.447000 1.920000 0.207000
v -0.080000 1.907000 0.220000
v -0.447000 1.920000 0.207000
v -0.093000 1.920000 0.207000
v -0.460000 1.907000 0.220000
v -0.460000 1.907000 -0.220000
v -0.447000 1.920000 -0.207000
v -0.460000 1.907000 0.220000
v -0.447000 1.920000 -0.207000
v -0.447000 1.920000 0.207000
v -0.447000 1.920000 -0.207000
v -0.093000 1.920000 -0.207000
v -0.093000 1.920000 0.207000
v -0.447000 1.920000 -0.207000
v -0.093000 1.920000 0.207000
v -0.447000 1.920000 0.207000
v -0.480000 1.920500 -0.240000
v -0.060000 1.920500 -0.240000
v -0.060000 1.969500 -0.240000
v -0.480000 1.920500 -0.240000
v -0.060000 1.969500 -0.240000
v -0.480000 1.969500 -0.240000
v -0.060000 1.920500 0.240000
v -0.480000 1.920500 0.240000
v -0.480000 1.969500 0.240000
v -0.060000 1.920500 0.240000
v -0.480000 1.969500 0.240000
v -0.060000 1.969500 0.240000
v -0.480000 1.920500 0.240000
v -0.480000 1.920500 -0.240000
v -0.480000 1.969500 -0.240000
v -0.480000 1.920500 0.240000
v -0.480000 1.969500 -0.240000
v -0.480000 1.969500 0.240000
v -0.060000 1.920500 -0.240000
v -0.060000 1.920500 0.240000
v -0.060000 1.969500 0.240000
v -0.060000 1.920500 -0.240000
v -0.060000 1.969500 0.240000
v -0.060000 1.969500 -0.240000
v -0.480000 1.920500 0.240000
v -0.060000 1.920500 0.240000
v -0.060000 1.920500 -0.240000
v -0.480000 1.920500 0.240000
v -0.060000 1.920500 -0.240000
v -0.480000 1.920500 -0.240000
v -0.480000 1.969500 -0.240000
v -0.060000 1.969500 -0.240000
v -0.066000 1.975500 -0.234000
v -0.480000 1.969500 -0.240000
v -0.066000 1.975500 -0.234000
v -0.474000 1.975500 -0.234000
v -0.060000 1.969500 -0.240000
v -0.060000 1.969500 0.240000
v -0.066000 1.975500 0.234000
v -0.060000 1.969500 -0.240000
v -0.066000 1.975500 0.234000
v -0.066000 1.975500 -0.234000
v -0.060000 1.969500 0.240000
v -0.480000 1.969500 0.240000
v -0.474000 1.975500 0.234000
v -0.060000 1.969500 0.240000
v -0.474000 1.975500 0.234000
v -0.066000 1.975500 0.234000
v -0.480000 1.969500 0.240000
v -0.480000 1.969500 -0.240000
v -0.474000 1.975500 -0.234000
v -0.480000 1.969500 0.240000
v -0.474000 1.975500 -0.234000
v -0.474000 1.975500 0.234000
v -0.474000 1.975500 -0.234000
v -0.066000 1.975500 -0.234000
v -0.066000 1.975500 0.234000
v -0.474000 1.975500 -0.234000
v -0.066000 1.975500 0.234000
v -0.474000 1.975500 0.234000
v 0.080000 1.280000 -0.215000
v 0.460000 1.280000 -0.215000
v 0.460000 1.827000 -0.215000
v 0.080000 1.280000 -0.215000
v 0.460000 1.827000 -0.215000
v 0.080000 1.827000 -0.215000
v 0.460000 1.280000 0.215000
v 0.080000 1.280000 0.215000
v 0.080000 1.827000 0.215000
v 0.460000 1.280000 0.215000
v 0.080000 1.827000 0.215000
v 0.460000 1.827000 0.215000
v 0.080000 1.280000 0.215000
v 0.080000 1.280000 -0.215000
v 0.080000 1.827000 -0.215000
v 0.080000 1.280000 0.215000
v 0.080000 1.827000 -0.215000
v 0.080000 1.827000 0.215000
v 0.460000 1.280000 -0.215000
v 0.460000 1.280000 0.215000
v 0.460000 1.827000 0.215000
v 0.460000 1.280000 -0.215000
v 0.460000 1.827000 0.215000
v 0.460000 1.827000 -0.215000
v 0.080000 1.280000 0.215000
v 0.460000 1.280000 0.215000
v 0.460000 1.280000 -0.215000
v 0.080000 1.280000 0.215000
v 0.460000 1.280000 -0.215000
v 0.080000 1.280000 -0.215000
v 0.080000 1.827000 -0.215000
v 0.460000 1.827000 -0.215000
v 0.447000 1.840000 -0.202000
v 0.080000 1.827000 -0.215000
v 0.447000 1.840000 -0.202000
v 0.093000 1.840000 -0.202000
v 0.460000 1.827000 -0.215000
v 0.460000 1.827000 0.215000
v 0.447000 1.840000 0.202000
v 0.460000 1.827000 -0.215000
v 0.447000 1.840000 0.202000
v 0.447000 1.840000 -0.202000
v 0.460000 1.827000 0.215000
v 0.080000 1.827000 0.215000
v 0.093000 1.840000 0.202000
v 0.460000 1.827000 0.215000
v 0.093000 1.840000 0.202000
v 0.447000 1.840000 0.202000
v 0.080000 1.827000 0.215000
v 0.080000 1.827000 -0.215000
v 0.093000 1.840000 -0.202000
v 0.080000 1.827000 0.215000
v 0.093000 1.840000 -0.202000
v 0.093000 1.840000 0.202000
v 0.093000 1.840000 -0.202000
v 0.447000 1.840000 -0.202000
v 0.447000 1.840000 0.202000
v 0.093000 1.840000 -0.202000
v 0.447000 1.840000 0.202000
v 0.093000 1.840000 0.202000
v 0.060000 1.840500 -0.235000
v 0.480000 1.840500 -0.235000
v 0.480000 1.889500 -0.235000
v 0.060000 1.840500 -0.235000
v 0.480000 1.889500 -0.235000
v 0.060000 1.889500 -0.235000
v 0.480000 1.840500 0.235000
v 0.060000 1.840500 0.235000
v 0.060000 1.889500 0.235000
v 0.480000 1.840500 0.235000
v 0.060000 1.889500 0.235000
v 0.480000 1.889500 0.235000
v 0.060000 1.840500 0.235000
v 0.060000 1.840500 -0.235000
v 0.060000 1.889500 -0.235000
v 0.060000 1.840500 0.235000
v 0.060000 1.889500 -0.235000
v 0.060000 1.889500 0.235000
v 0.480000 1.840500 -0.235000
v 0.480000 1.840500 0.235000
v 0.480000 1.889500 0.235000
v 0.480000 1.840500 -0.235000
v 0.480000 1.889500 0.235000
v 0.480000 1.889500 -0.235000
v 0.060000 1.840500 0.235000
v 0.480000 1.840500 0.235000
v 0.480000 1.840500 -0.235000
v 0.060000 1.840500 0.235000
v 0.480000 1.840500 -0.235000
v 0.060000 1.840500 -0.235000
v 0.060000 1.889500 -0.235000
v 0.480000 1.889500 -0.235000
v 0.474000 1.895500 -0.229000
v 0.060000 1.889500 -0.235000
v 0.474000 1.895500 -0.229000
v 0.066000 1.895500 -0.229000
v 0.480000 1.889500 -0.235000
v 0.480000 1.889500 0.235000
v 0.474000 1.895500 0.229000
v 0.480000 1.889500 -0.235000
v 0.474000 1.895500 0.229000
v 0.474000 1.895500 -0.229000
v 0.480000 1.889500 0.235000
v 0.060000 1.889500 0.235000
v 0.066000 1.895500 0.229000
v 0.480000 1.889500 0.235000
v 0.066000 1.895500 0.229000
v 0.474000 1.895500 0.229000
v 0.060000 1.889500 0.235000
v 0.060000 1.889500 -0.235000
v 0.066000 1.895500 -0.229000
v 0.060000 1.889500 0.235000
v 0.066000 1.895500 -0.229000
v 0.066000 1.895500 0.229000
v 0.066000 1.895500 -0.229000
v 0.474000 1.895500 -0.229000
v 0.474000 1.895500 0.229000
v 0.066000 1.895500 -0.229000
v 0.474000 1.895500 0.229000
v 0.066000 1.895500 0.229000
vt 0.520000 0.270000
vt 0.548750 0.270000
vt 0.548750 0.340000
vt 0.520000 0.270000
vt 0.548750 0.340000
vt 0.520000 0.340000
vt 0.548750 0.270000
vt 0.577500 0.270000
vt 0.577500 0.340000
vt 0.548750 0.270000
vt 0.577500 0.340000
vt 0.548750 0.340000
vt 0.577500 0.270000
vt 0.606250 0.270000
vt 0.606250 0.340000
vt 0.577500 0.270000
vt 0.606250 0.340000
vt 0.577500 0.340000
vt 0.606250 0.270000
vt 0.635000 0.270000
vt 0.635000 0.340000
vt 0.606250 0.270000
vt 0.635000 0.340000
vt 0.606250 0.340000
vt 0.635000 0.270000
vt 0.663750 0.270000
vt 0.663750 0.340000
vt 0.635000 0.270000
vt 0.663750 0.340000
vt 0.635000 0.340000
vt 0.663750 0.270000
vt 0.692500 0.270000
vt 0.692500 0.340000
vt 0.663750 0.270000
vt 0.692500 0.340000
vt 0.663750 0.340000
vt 0.692500 0.270000
vt 0.721250 0.270000
vt 0.721250 0.340000
vt 0.692500 0.270000
vt 0.721250 0.340000
vt 0.692500 0.340000
vt 0.721250 0.270000
vt 0.750000 0.270000
vt 0.750000 0.340000
vt 0.721250 0.270000
vt 0.750000 0.340000
vt 0.721250 0.340000
vt 0.750000 0.270000
vt 0.778750 0.270000
vt 0.778750 0.340000
vt 0.750000 0.270000
vt 0.778750 0.340000
vt 0.750000 0.340000
vt 0.778750 0.270000
vt 0.807500 0.270000
vt 0.807500 0.340000
vt 0.778750 0.270000
vt 0.807500 0.340000
vt 0.778750 0.340000
vt 0.807500 0.270000
vt 0.836250 0.270000
vt 0.836250 0.340000
vt 0.807500 0.270000
vt 0.836250 0.340000
vt 0.807500 0.340000
vt 0.836250 0.270000
vt 0.865000 0.270000
vt 0.865000 0.340000
vt 0.836250 0.270000
vt 0.865000 0.340000
vt 0.836250 0.340000
vt 0.865000 0.270000
vt 0.893750 0.270000
vt 0.893750 0.340000
vt 0.865000 0.270000
vt 0.893750 0.340000
vt 0.865000 0.340000
vt 0.893750 0.270000
vt 0.922500 0.270000
vt 0.922500 0.340000
vt 0.893750 0.270000
vt 0.922500 0.340000
vt 0.893750 0.340000
vt 0.922500 0.270000
vt 0.951250 0.270000
vt 0.951250 0.340000
vt 0.922500 0.270000
vt 0.951250 0.340000
vt 0.922500 0.340000
vt 0.951250 0.270000
vt 0.980000 0.270000
vt 0.980000 0.340000
vt 0.951250 0.270000
vt 0.980000 0.340000
vt 0.951250 0.340000
vt 0.520000 0.090000
vt 0.548750 0.090000
vt 0.548750 0.160000
vt 0.520000 0.090000
vt 0.548750 0.160000
vt 0.520000 0.160000
vt 0.548750 0.090000
vt 0.577500 0.090000
vt 0.577500 0.160000
vt 0.548750 0.090000
vt 0.577500 0.160000
vt 0.548750 0.160000
vt 0.577500 0.090000
vt 0.606250 0.090000
vt 0.606250 0.160000
vt 0.577500 0.090000
vt 0.606250 0.160000
vt 0.577500 0.160000
vt 0.606250 0.090000
vt 0.635000 0.090000
vt 0.635000 0.160000
vt 0.606250 0.090000
vt 0.635000 0.160000
vt 0.606250 0.160000
vt 0.635000 0.090000
vt 0.663750 0.090000
vt 0.663750 0.160000
vt 0.635000 0.090000
vt 0.663750 0.160000
vt 0.635000 0.160000
vt 0.663750 0.090000
vt 0.692500 0.090000
vt 0.692500 0.160000
vt 0.663750 0.090000
vt 0.692500 0.160000
vt 0.663750 0.160000
vt 0.692500 0.090000
vt 0.721250 0.090000
vt 0.721250 0.160000
vt 0.692500 0.090000
vt 0.721250 0.160000
vt 0.692500 0.160000
vt 0.721250 0.090000
vt 0.750000 0.090000
vt 0.750000 0.160000
vt 0.721250 0.090000
vt 0.750000 0.160000
vt 0.721250 0.160000
vt 0.750000 0.090000
vt 0.778750 0.090000
vt 0.778750 0.160000
vt 0.750000 0.090000
vt 0.778750 0.160000
vt 0.750000 0.160000
vt 0.778750 0.090000
vt 0.807500 0.090000
vt 0.807500 0.160000
vt 0.778750 0.090000
vt 0.807500 0.160000
vt 0.778750 0.160000
vt 0.807500 0.090000
vt 0.836250 0.090000
vt 0.836250 0.160000
vt 0.807500 0.090000
vt 0.836250 0.160000
vt 0.807500 0.160000
vt 0.836250 0.090000
vt 0.865000 0.090000
vt 0.865000 0.160000
vt 0.836250 0.090000
vt 0.865000 0.160000
vt 0.836250 0.160000
vt 0.865000 0.090000
vt 0.893750 0.090000
vt 0.893750 0.160000
vt 0.865000 0.090000
vt 0.893750 0.160000
vt 0.865000 0.160000
vt 0.893750 0.090000
vt 0.922500 0.090000
vt 0.922500 0.160000
vt 0.893750 0.090000
vt 0.922500 0.160000
vt 0.893750 0.160000
vt 0.922500 0.090000
vt 0.951250 0.090000
vt 0.951250 0.160000
vt 0.922500 0.090000
vt 0.951250 0.160000
vt 0.922500 0.160000
vt 0.951250 0.090000
vt 0.980000 0.090000
vt 0.980000 0.160000
vt 0.951250 0.090000
vt 0.980000 0.160000
vt 0.951250 0.160000
vt 0.520000 0.160000
vt 0.548750 0.160000
vt 0.548750 0.230000
vt 0.520000 0.160000
vt 0.548750 0.230000
vt 0.520000 0.230000
vt 0.548750 0.160000
vt 0.577500 0.160000
vt 0.577500 0.230000
vt 0.548750 0.160000
vt 0.577500 0.230000
vt 0.548750 0.230000
vt 0.577500 0.160000
vt 0.606250 0.160000
vt 0.606250 0.230000
vt 0.577500 0.160000
vt 0.606250 0.230000
vt 0.577500 0.230000
vt 0.606250 0.160000
vt 0.635000 0.160000
vt 0.635000 0.230000
vt 0.606250 0.160000
vt 0.635000 0.230000
vt 0.606250 0.230000
vt 0.635000 0.160000
vt 0.663750 0.160000
vt 0.663750 0.230000
vt 0.635000 0.160000
vt 0.663750 0.230000
vt 0.635000 0.230000
vt 0.663750 0.160000
vt 0.692500 0.160000
vt 0.692500 0.230000
vt 0.663750 0.160000
vt 0.692500 0.230000
vt 0.663750 0.230000
vt 0.692500 0.160000
vt 0.721250 0.160000
vt 0.721250 0.230000
vt 0.692500 0.160000
vt 0.721250 0.230000
vt 0.692500 0.230000
vt 0.721250 0.160000
vt 0.750000 0.160000
vt 0.750000 0.230000
vt 0.721250 0.160000
vt 0.750000 0.230000
vt 0.721250 0.230000
vt 0.750000 0.160000
vt 0.778750 0.160000
vt 0.778750 0.230000
vt 0.750000 0.160000
vt 0.778750 0.230000
vt 0.750000 0.230000
vt 0.778750 0.160000
vt 0.807500 0.160000
vt 0.807500 0.230000
vt 0.778750 0.160000
vt 0.807500 0.230000
vt 0.778750 0.230000
vt 0.807500 0.160000
vt 0.836250 0.160000
vt 0.836250 0.230000
vt 0.807500 0.160000
vt 0.836250 0.230000
vt 0.807500 0.230000
vt 0.836250 0.160000
vt 0.865000 0.160000
vt 0.865000 0.230000
vt 0.836250 0.160000
vt 0.865000 0.230000
vt 0.836250 0.230000
vt 0.865000 0.160000
vt 0.893750 0.160000
vt 0.893750 0.230000
vt 0.865000 0.160000
vt 0.893750 0.230000
vt 0.865000 0.230000
vt 0.893750 0.160000
vt 0.922500 0.160000
vt 0.922500 0.230000
vt 0.893750 0.160000
vt 0.922500 0.230000
vt 0.893750 0.230000
vt 0.922500 0.160000
vt 0.951250 0.160000
vt 0.951250 0.230000
vt 0.922500 0.160000
vt 0.951250 0.230000
vt 0.922500 0.230000
vt 0.951250 0.160000
vt 0.980000 0.160000
vt 0.980000 0.230000
vt 0.951250 0.160000
vt 0.980000 0.230000
vt 0.951250 0.230000
vt 0.750000 0.375000
vt 0.934000 0.375000
vt 0.919994 0.407145
vt 0.750000 0.375000
vt 0.919994 0.407145
vt 0.880108 0.434397
vt 0.750000 0.375000
vt 0.880108 0.434397
vt 0.820414 0.452606
vt 0.750000 0.375000
vt 0.820414 0.452606
vt 0.750000 0.459000
vt 0.750000 0.375000
vt 0.750000 0.459000
vt 0.679586 0.452606
vt 0.750000 0.375000
vt 0.679586 0.452606
vt 0.619892 0.434397
vt 0.750000 0.375000
vt 0.619892 0.434397
vt 0.580006 0.407145
vt 0.750000 0.375000
vt 0.580006 0.407145
vt 0.566000 0.375000
vt 0.750000 0.375000
vt 0.566000 0.375000
vt 0.580006 0.342855
vt 0.750000 0.375000
vt 0.580006 0.342855
vt 0.619892 0.315603
vt 0.750000 0.375000
vt 0.619892 0.315603
vt 0.679586 0.297394
vt 0.750000 0.375000
vt 0.679586 0.297394
vt 0.750000 0.291000
vt 0.750000 0.375000
vt 0.750000 0.291000
vt 0.820414 0.297394
vt 0.750000 0.375000
vt 0.820414 0.297394
vt 0.880108 0.315603
vt 0.750000 0.375000
vt 0.880108 0.315603
vt 0.919994 0.342855
vt 0.750000 0.375000
vt 0.919994 0.342855
vt 0.934000 0.375000
vt 0.066000 0.068000
vt 0.184910 0.068000
vt 0.184910 0.240800
vt 0.066000 0.068000
vt 0.184910 0.240800
vt 0.066000 0.240800
vt 0.066000 0.068000
vt 0.184910 0.068000
vt 0.184910 0.240800
vt 0.066000 0.068000
vt 0.184910 0.240800
vt 0.066000 0.240800
vt 0.066000 0.068000
vt 0.184910 0.068000
vt 0.184910 0.240800
vt 0.066000 0.068000
vt 0.184910 0.240800
vt 0.066000 0.240800
vt 0.066000 0.068000
vt 0.184910 0.068000
vt 0.184910 0.240800
vt 0.066000 0.068000
vt 0.184910 0.240800
vt 0.066000 0.240800
vt 0.589000 0.051500
vt 0.911000 0.051500
vt 0.911000 0.198500
vt 0.589000 0.051500
vt 0.911000 0.198500
vt 0.589000 0.198500
vt 0.066000 0.240800
vt 0.184910 0.240800
vt 0.184910 0.980000
vt 0.066000 0.240800
vt 0.184910 0.980000
vt 0.066000 0.980000
vt 0.066000 0.240800
vt 0.184910 0.240800
vt 0.184910 0.980000
vt 0.066000 0.240800
vt 0.184910 0.980000
vt 0.066000 0.980000
vt 0.066000 0.240800
vt 0.184910 0.240800
vt 0.184910 0.980000
vt 0.066000 0.240800
vt 0.184910 0.980000
vt 0.066000 0.980000
vt 0.066000 0.240800
vt 0.184910 0.240800
vt 0.184910 0.980000
vt 0.066000 0.240800
vt 0.184910 0.980000
vt 0.066000 0.980000
vt 0.566000 0.036800
vt 0.943200 0.036800
vt 0.943200 0.213200
vt 0.566000 0.036800
vt 0.943200 0.213200
vt 0.556800 0.213200
vt 0.043000 0.212000
vt 0.161910 0.212000
vt 0.161910 0.384800
vt 0.043000 0.212000
vt 0.161910 0.384800
vt 0.043000 0.384800
vt 0.043000 0.212000
vt 0.161910 0.212000
vt 0.161910 0.384800
vt 0.043000 0.212000
vt 0.161910 0.384800
vt 0.043000 0.384800
vt 0.043000 0.212000
vt 0.161910 0.212000
vt 0.161910 0.384800
vt 0.043000 0.212000
vt 0.161910 0.384800
vt 0.043000 0.384800
vt 0.043000 0.212000
vt 0.161910 0.212000
vt 0.161910 0.384800
vt 0.043000 0.212000
vt 0.161910 0.384800
vt 0.043000 0.384800
vt 0.589000 0.051500
vt 0.911000 0.051500
vt 0.911000 0.198500
vt 0.589000 0.051500
vt 0.911000 0.198500
vt 0.589000 0.198500
vt 0.043000 0.384800
vt 0.161910 0.384800
vt 0.161910 0.980000
vt 0.043000 0.384800
vt 0.161910 0.980000
vt 0.043000 0.980000
vt 0.043000 0.384800
vt 0.161910 0.384800
vt 0.161910 0.980000
vt 0.043000 0.384800
vt 0.161910 0.980000
vt 0.043000 0.980000
vt 0.043000 0.384800
vt 0.161910 0.384800
vt 0.161910 0.980000
vt 0.043000 0.384800
vt 0.161910 0.980000
vt 0.043000 0.980000
vt 0.043000 0.384800
vt 0.161910 0.384800
vt 0.161910 0.980000
vt 0.043000 0.384800
vt 0.161910 0.980000
vt 0.043000 0.980000
vt 0.593600 0.036800
vt 0.943200 0.036800
vt 0.943200 0.213200
vt 0.593600 0.036800
vt 0.943200 0.213200
vt 0.556800 0.213200
vt 0.020000 0.222963
vt 0.127517 0.222963
vt 0.127517 0.402812
vt 0.020000 0.222963
vt 0.127517 0.402812
vt 0.020000 0.402812
vt 0.020000 0.222963
vt 0.127517 0.222963
vt 0.127517 0.402812
vt 0.020000 0.222963
vt 0.127517 0.402812
vt 0.020000 0.402812
vt 0.020000 0.222963
vt 0.127517 0.222963
vt 0.127517 0.402812
vt 0.020000 0.222963
vt 0.127517 0.402812
vt 0.020000 0.402812
vt 0.020000 0.222963
vt 0.127517 0.222963
vt 0.127517 0.402812
vt 0.020000 0.222963
vt 0.127517 0.402812
vt 0.020000 0.402812
vt 0.589000 0.051500
vt 0.911000 0.051500
vt 0.911000 0.198500
vt 0.589000 0.051500
vt 0.911000 0.198500
vt 0.589000 0.198500
vt 0.020000 0.402812
vt 0.127517 0.402812
vt 0.127517 0.980000
vt 0.020000 0.402812
vt 0.127517 0.980000
vt 0.020000 0.980000
vt 0.020000 0.402812
vt 0.127517 0.402812
vt 0.127517 0.980000
vt 0.020000 0.402812
vt 0.127517 0.980000
vt 0.020000 0.980000
vt 0.020000 0.402812
vt 0.127517 0.402812
vt 0.127517 0.980000
vt 0.020000 0.402812
vt 0.127517 0.980000
vt 0.020000 0.980000
vt 0.020000 0.402812
vt 0.127517 0.402812
vt 0.127517 0.980000
vt 0.020000 0.402812
vt 0.127517 0.980000
vt 0.020000 0.980000
vt 0.056800 0.096800
vt 0.443200 0.096800
vt 0.443200 0.903200
vt 0.056800 0.096800
vt 0.443200 0.903200
vt 0.056800 0.903200
vt 0.121978 0.073897
vt 0.250762 0.073897
vt 0.250762 0.256632
vt 0.121978 0.073897
vt 0.250762 0.256632
vt 0.121978 0.256632
vt 0.121978 0.073897
vt 0.250762 0.073897
vt 0.250762 0.256632
vt 0.121978 0.073897
vt 0.250762 0.256632
vt 0.121978 0.256632
vt 0.121978 0.073897
vt 0.250762 0.073897
vt 0.250762 0.256632
vt 0.121978 0.073897
vt 0.250762 0.256632
vt 0.121978 0.256632
vt 0.121978 0.073897
vt 0.250762 0.073897
vt 0.250762 0.256632
vt 0.121978 0.073897
vt 0.250762 0.256632
vt 0.121978 0.256632
vt 0.589000 0.051500
vt 0.911000 0.051500
vt 0.911000 0.198500
vt 0.589000 0.051500
vt 0.911000 0.198500
vt 0.589000 0.198500
vt 0.121978 0.256632
vt 0.250762 0.256632
vt 0.250762 0.980000
vt 0.121978 0.256632
vt 0.250762 0.980000
vt 0.121978 0.980000
vt 0.121978 0.256632
vt 0.250762 0.256632
vt 0.250762 0.980000
vt 0.121978 0.256632
vt 0.250762 0.980000
vt 0.121978 0.980000
vt 0.121978 0.256632
vt 0.250762 0.256632
vt 0.250762 0.980000
vt 0.121978 0.256632
vt 0.250762 0.980000
vt 0.121978 0.980000
vt 0.121978 0.256632
vt 0.250762 0.256632
vt 0.250762 0.980000
vt 0.121978 0.256632
vt 0.250762 0.980000
vt 0.121978 0.980000
vt 0.141596 0.096800
vt 0.443200 0.096800
vt 0.443200 0.903200
vt 0.141596 0.096800
vt 0.443200 0.903200
vt 0.056800 0.903200
vt 0.104142 0.140392
vt 0.205342 0.140392
vt 0.205342 0.323163
vt 0.104142 0.140392
vt 0.205342 0.323163
vt 0.104142 0.323163
vt 0.104142 0.140392
vt 0.205342 0.140392
vt 0.205342 0.323163
vt 0.104142 0.140392
vt 0.205342 0.323163
vt 0.104142 0.323163
vt 0.104142 0.140392
vt 0.205342 0.140392
vt 0.205342 0.323163
vt 0.104142 0.140392
vt 0.205342 0.323163
vt 0.104142 0.323163
vt 0.104142 0.140392
vt 0.205342 0.140392
vt 0.205342 0.323163
vt 0.104142 0.140392
vt 0.205342 0.323163
vt 0.104142 0.323163
vt 0.589000 0.051500
vt 0.911000 0.051500
vt 0.911000 0.198500
vt 0.589000 0.051500
vt 0.911000 0.198500
vt 0.589000 0.198500
vt 0.104142 0.323163
vt 0.205342 0.323163
vt 0.205342 0.980000
vt 0.104142 0.323163
vt 0.205342 0.980000
vt 0.104142 0.980000
vt 0.104142 0.323163
vt 0.205342 0.323163
vt 0.205342 0.980000
vt 0.104142 0.323163
vt 0.205342 0.980000
vt 0.104142 0.980000
vt 0.104142 0.323163
vt 0.205342 0.323163
vt 0.205342 0.980000
vt 0.104142 0.323163
vt 0.205342 0.980000
vt 0.104142 0.980000
vt 0.104142 0.323163
vt 0.205342 0.323163
vt 0.205342 0.980000
vt 0.104142 0.323163
vt 0.205342 0.980000
vt 0.104142 0.980000
vt 0.073628 0.096800
vt 0.443200 0.096800
vt 0.443200 0.903200
vt 0.073628 0.096800
vt 0.443200 0.903200
vt 0.056800 0.903200
vt 0.038439 0.169483
vt 0.139639 0.169483
vt 0.139639 0.351623
vt 0.038439 0.169483
vt 0.139639 0.351623
vt 0.038439 0.351623
vt 0.038439 0.169483
vt 0.139639 0.169483
vt 0.139639 0.351623
vt 0.038439 0.169483
vt 0.139639 0.351623
vt 0.038439 0.351623
vt 0.038439 0.169483
vt 0.139639 0.169483
vt 0.139639 0.351623
vt 0.038439 0.169483
vt 0.139639 0.351623
vt 0.038439 0.351623
vt 0.038439 0.169483
vt 0.139639 0.169483
vt 0.139639 0.351623
vt 0.038439 0.169483
vt 0.139639 0.351623
vt 0.038439 0.351623
vt 0.589000 0.051500
vt 0.911000 0.051500
vt 0.911000 0.198500
vt 0.589000 0.051500
vt 0.911000 0.198500
vt 0.589000 0.198500
vt 0.038439 0.351623
vt 0.139639 0.351623
vt 0.139639 0.980000
vt 0.038439 0.351623
vt 0.139639 0.980000
vt 0.038439 0.980000
vt 0.038439 0.351623
vt 0.139639 0.351623
vt 0.139639 0.980000
vt 0.038439 0.351623
vt 0.139639 0.980000
vt 0.038439 0.980000
vt 0.038439 0.351623
vt 0.139639 0.351623
vt 0.139639 0.980000
vt 0.038439 0.351623
vt 0.139639 0.980000
vt 0.038439 0.980000
vt 0.038439 0.351623
vt 0.139639 0.351623
vt 0.139639 0.980000
vt 0.038439 0.351623
vt 0.139639 0.980000
vt 0.038439 0.980000
vt 0.124888 0.096800
vt 0.443200 0.096800
vt 0.443200 0.903200
vt 0.124888 0.096800
vt 0.443200 0.903200
vt 0.056800 0.903200
vt 0.118622 0.131189
vt 0.219822 0.131189
vt 0.219822 0.312278
vt 0.118622 0.131189
vt 0.219822 0.312278
vt 0.118622 0.312278
vt 0.118622 0.131189
vt 0.219822 0.131189
vt 0.219822 0.312278
vt 0.118622 0.131189
vt 0.219822 0.312278
vt 0.118622 0.312278
vt 0.118622 0.131189
vt 0.219822 0.131189
vt 0.219822 0.312278
vt 0.118622 0.131189
vt 0.219822 0.312278
vt 0.118622 0.312278
vt 0.118622 0.131189
vt 0.219822 0.131189
vt 0.219822 0.312278
vt 0.118622 0.131189
vt 0.219822 0.312278
vt 0.118622 0.312278
vt 0.589000 0.051500
vt 0.911000 0.051500
vt 0.911000 0.198500
vt 0.589000 0.051500
vt 0.911000 0.198500
vt 0.589000 0.198500
vt 0.118622 0.312278
vt 0.219822 0.312278
vt 0.219822 0.980000
vt 0.118622 0.312278
vt 0.219822 0.980000
vt 0.118622 0.980000
vt 0.118622 0.312278
vt 0.219822 0.312278
vt 0.219822 0.980000
vt 0.118622 0.312278
vt 0.219822 0.980000
vt 0.118622 0.980000
vt 0.118622 0.312278
vt 0.219822 0.312278
vt 0.219822 0.980000
vt 0.118622 0.312278
vt 0.219822 0.980000
vt 0.118622 0.980000
vt 0.118622 0.312278
vt 0.219822 0.312278
vt 0.219822 0.980000
vt 0.118622 0.312278
vt 0.219822 0.980000
vt 0.118622 0.980000
vt 0.108724 0.096800
vt 0.443200 0.096800
vt 0.443200 0.903200
vt 0.108724 0.096800
vt 0.443200 0.903200
vt 0.056800 0.903200
vt 0.032468 0.201122
vt 0.141202 0.201122
vt 0.141202 0.373922
vt 0.032468 0.201122
vt 0.141202 0.373922
vt 0.032468 0.373922
vt 0.032468 0.201122
vt 0.141202 0.201122
vt 0.141202 0.373922
vt 0.032468 0.201122
vt 0.141202 0.373922
vt 0.032468 0.373922
vt 0.032468 0.201122
vt 0.141202 0.201122
vt 0.141202 0.373922
vt 0.032468 0.201122
vt 0.141202 0.373922
vt 0.032468 0.373922
vt 0.032468 0.201122
vt 0.141202 0.201122
vt 0.141202 0.373922
vt 0.032468 0.201122
vt 0.141202 0.373922
vt 0.032468 0.373922
vt 0.589000 0.051500
vt 0.911000 0.051500
vt 0.911000 0.198500
vt 0.589000 0.051500
vt 0.911000 0.198500
vt 0.589000 0.198500
vt 0.032468 0.373922
vt 0.141202 0.373922
vt 0.141202 0.980000
vt 0.032468 0.373922
vt 0.141202 0.980000
vt 0.032468 0.980000
vt 0.032468 0.373922
vt 0.141202 0.373922
vt 0.141202 0.980000
vt 0.032468 0.373922
vt 0.141202 0.980000
vt 0.032468 0.980000
vt 0.032468 0.373922
vt 0.141202 0.373922
vt 0.141202 0.980000
vt 0.032468 0.373922
vt 0.141202 0.980000
vt 0.032468 0.980000
vt 0.032468 0.373922
vt 0.141202 0.373922
vt 0.141202 0.980000
vt 0.032468 0.373922
vt 0.141202 0.980000
vt 0.032468 0.980000
vt 0.059294 0.096800
vt 0.443200 0.096800
vt 0.443200 0.903200
vt 0.059294 0.096800
vt 0.443200 0.903200
vt 0.056800 0.903200
vt 0.053996 0.127056
vt 0.181564 0.127056
vt 0.181564 0.299856
vt 0.053996 0.127056
vt 0.181564 0.299856
vt 0.053996 0.299856
vt 0.053996 0.127056
vt 0.181564 0.127056
vt 0.181564 0.299856
vt 0.053996 0.127056
vt 0.181564 0.299856
vt 0.053996 0.299856
vt 0.053996 0.127056
vt 0.181564 0.127056
vt 0.181564 0.299856
vt 0.053996 0.127056
vt 0.181564 0.299856
vt 0.053996 0.299856
vt 0.053996 0.127056
vt 0.181564 0.127056
vt 0.181564 0.299856
vt 0.053996 0.127056
vt 0.181564 0.299856
vt 0.053996 0.299856
vt 0.589000 0.051500
vt 0.911000 0.051500
vt 0.911000 0.198500
vt 0.589000 0.051500
vt 0.911000 0.198500
vt 0.589000 0.198500
vt 0.053996 0.299856
vt 0.181564 0.299856
vt 0.181564 0.980000
vt 0.053996 0.299856
vt 0.181564 0.980000
vt 0.053996 0.980000
vt 0.053996 0.299856
vt 0.181564 0.299856
vt 0.181564 0.980000
vt 0.053996 0.299856
vt 0.181564 0.980000
vt 0.053996 0.980000
vt 0.053996 0.299856
vt 0.181564 0.299856
vt 0.181564 0.980000
vt 0.053996 0.299856
vt 0.181564 0.980000
vt 0.053996 0.980000
vt 0.053996 0.299856
vt 0.181564 0.299856
vt 0.181564 0.980000
vt 0.053996 0.299856
vt 0.181564 0.980000
vt 0.053996 0.980000
vt 0.063599 0.096800
vt 0.443200 0.096800
vt 0.443200 0.903200
vt 0.063599 0.096800
vt 0.443200 0.903200
vt 0.056800 0.903200
vt 0.612000 0.589000
vt 0.854880 0.589000
vt 0.854880 0.671800
vt 0.612000 0.589000
vt 0.854880 0.671800
vt 0.612000 0.671800
vt 0.612000 0.589000
vt 0.854880 0.589000
vt 0.854880 0.671800
vt 0.612000 0.589000
vt 0.854880 0.671800
vt 0.612000 0.671800
vt 0.612000 0.589000
vt 0.854880 0.589000
vt 0.854880 0.671800
vt 0.612000 0.589000
vt 0.854880 0.671800
vt 0.612000 0.671800
vt 0.612000 0.589000
vt 0.854880 0.589000
vt 0.854880 0.671800
vt 0.612000 0.589000
vt 0.854880 0.671800
vt 0.612000 0.671800
vt 0.589000 0.051500
vt 0.911000 0.051500
vt 0.911000 0.198500
vt 0.589000 0.051500
vt 0.911000 0.198500
vt 0.589000 0.198500
vt 0.612000 0.671800
vt 0.854880 0.671800
vt 0.854880 0.980000
vt 0.612000 0.671800
vt 0.854880 0.980000
vt 0.612000 0.980000
vt 0.612000 0.671800
vt 0.854880 0.671800
vt 0.854880 0.980000
vt 0.612000 0.671800
vt 0.854880 0.980000
vt 0.612000 0.980000
vt 0.612000 0.671800
vt 0.854880 0.671800
vt 0.854880 0.980000
vt 0.612000 0.671800
vt 0.854880 0.980000
vt 0.612000 0.980000
vt 0.612000 0.671800
vt 0.854880 0.671800
vt 0.854880 0.980000
vt 0.612000 0.671800
vt 0.854880 0.980000
vt 0.612000 0.980000
vt 0.575200 0.556800
vt 0.943200 0.556800
vt 0.943200 0.943200
vt 0.575200 0.556800
vt 0.943200 0.943200
vt 0.556800 0.943200
vt 0.020000 0.212000
vt 0.121200 0.212000
vt 0.121200 0.519200
vt 0.020000 0.212000
vt 0.121200 0.519200
vt 0.020000 0.519200
vt 0.020000 0.212000
vt 0.121200 0.212000
vt 0.121200 0.519200
vt 0.020000 0.212000
vt 0.121200 0.519200
vt 0.020000 0.519200
vt 0.020000 0.212000
vt 0.121200 0.212000
vt 0.121200 0.519200
vt 0.020000 0.212000
vt 0.121200 0.519200
vt 0.020000 0.519200
vt 0.020000 0.212000
vt 0.121200 0.212000
vt 0.121200 0.519200
vt 0.020000 0.212000
vt 0.121200 0.519200
vt 0.020000 0.519200
vt 0.589000 0.051500
vt 0.911000 0.051500
vt 0.911000 0.198500
vt 0.589000 0.051500
vt 0.911000 0.198500
vt 0.589000 0.198500
vt 0.020000 0.519200
vt 0.121200 0.519200
vt 0.121200 0.980000
vt 0.020000 0.519200
vt 0.121200 0.980000
vt 0.020000 0.980000
vt 0.020000 0.519200
vt 0.121200 0.519200
vt 0.121200 0.980000
vt 0.020000 0.519200
vt 0.121200 0.980000
vt 0.020000 0.980000
vt 0.020000 0.519200
vt 0.121200 0.519200
vt 0.121200 0.980000
vt 0.020000 0.519200
vt 0.121200 0.980000
vt 0.020000 0.980000
vt 0.020000 0.519200
vt 0.121200 0.519200
vt 0.121200 0.980000
vt 0.020000 0.519200
vt 0.121200 0.980000
vt 0.020000 0.980000
vt 0.556800 0.556800
vt 0.943200 0.556800
vt 0.943200 0.943200
vt 0.556800 0.556800
vt 0.943200 0.943200
vt 0.556800 0.943200
vt 0.520000 0.566000
vt 0.626260 0.566000
vt 0.626260 0.648800
vt 0.520000 0.566000
vt 0.626260 0.648800
vt 0.520000 0.648800
vt 0.520000 0.566000
vt 0.626260 0.566000
vt 0.626260 0.648800
vt 0.520000 0.566000
vt 0.626260 0.648800
vt 0.520000 0.648800
vt 0.520000 0.566000
vt 0.626260 0.566000
vt 0.626260 0.648800
vt 0.520000 0.566000
vt 0.626260 0.648800
vt 0.520000 0.648800
vt 0.520000 0.566000
vt 0.626260 0.566000
vt 0.626260 0.648800
vt 0.520000 0.566000
vt 0.626260 0.648800
vt 0.520000 0.648800
vt 0.589000 0.051500
vt 0.911000 0.051500
vt 0.911000 0.198500
vt 0.589000 0.051500
vt 0.911000 0.198500
vt 0.589000 0.198500
vt 0.520000 0.648800
vt 0.626260 0.648800
vt 0.626260 0.980000
vt 0.520000 0.648800
vt 0.626260 0.980000
vt 0.520000 0.980000
vt 0.520000 0.648800
vt 0.626260 0.648800
vt 0.626260 0.980000
vt 0.520000 0.648800
vt 0.626260 0.980000
vt 0.520000 0.980000
vt 0.520000 0.648800
vt 0.626260 0.648800
vt 0.626260 0.980000
vt 0.520000 0.648800
vt 0.626260 0.980000
vt 0.520000 0.980000
vt 0.520000 0.648800
vt 0.626260 0.648800
vt 0.626260 0.980000
vt 0.520000 0.648800
vt 0.626260 0.980000
vt 0.520000 0.980000
vt 0.556800 0.556800
vt 0.943200 0.556800
vt 0.943200 0.943200
vt 0.556800 0.556800
vt 0.943200 0.943200
vt 0.556800 0.943200
vt 0.089000 0.212000
vt 0.190200 0.212000
vt 0.190200 0.480800
vt 0.089000 0.212000
vt 0.190200 0.480800
vt 0.089000 0.480800
vt 0.089000 0.212000
vt 0.190200 0.212000
vt 0.190200 0.480800
vt 0.089000 0.212000
vt 0.190200 0.480800
vt 0.089000 0.480800
vt 0.089000 0.212000
vt 0.190200 0.212000
vt 0.190200 0.480800
vt 0.089000 0.212000
vt 0.190200 0.480800
vt 0.089000 0.480800
vt 0.089000 0.212000
vt 0.190200 0.212000
vt 0.190200 0.480800
vt 0.089000 0.212000
vt 0.190200 0.480800
vt 0.089000 0.480800
vt 0.589000 0.051500
vt 0.911000 0.051500
vt 0.911000 0.198500
vt 0.589000 0.051500
vt 0.911000 0.198500
vt 0.589000 0.198500
vt 0.089000 0.480800
vt 0.190200 0.480800
vt 0.190200 0.980000
vt 0.089000 0.480800
vt 0.190200 0.980000
vt 0.089000 0.980000
vt 0.089000 0.480800
vt 0.190200 0.480800
vt 0.190200 0.980000
vt 0.089000 0.480800
vt 0.190200 0.980000
vt 0.089000 0.980000
vt 0.089000 0.480800
vt 0.190200 0.480800
vt 0.190200 0.980000
vt 0.089000 0.480800
vt 0.190200 0.980000
vt 0.089000 0.980000
vt 0.089000 0.480800
vt 0.190200 0.480800
vt 0.190200 0.980000
vt 0.089000 0.480800
vt 0.190200 0.980000
vt 0.089000 0.980000
vt 0.570600 0.556800
vt 0.943200 0.556800
vt 0.943200 0.943200
vt 0.570600 0.556800
vt 0.943200 0.943200
vt 0.556800 0.943200
vt 0.658000 0.566000
vt 0.764260 0.566000
vt 0.764260 0.648800
vt 0.658000 0.566000
vt 0.764260 0.648800
vt 0.658000 0.648800
vt 0.658000 0.566000
vt 0.764260 0.566000
vt 0.764260 0.648800
vt 0.658000 0.566000
vt 0.764260 0.648800
vt 0.658000 0.648800
vt 0.658000 0.566000
vt 0.764260 0.566000
vt 0.764260 0.648800
vt 0.658000 0.566000
vt 0.764260 0.648800
vt 0.658000 0.648800
vt 0.658000 0.566000
vt 0.764260 0.566000
vt 0.764260 0.648800
vt 0.658000 0.566000
vt 0.764260 0.648800
vt 0.658000 0.648800
vt 0.589000 0.051500
vt 0.911000 0.051500
vt 0.911000 0.198500
vt 0.589000 0.051500
vt 0.911000 0.198500
vt 0.589000 0.198500
vt 0.658000 0.648800
vt 0.764260 0.648800
vt 0.764260 0.980000
vt 0.658000 0.648800
vt 0.764260 0.980000
vt 0.658000 0.980000
vt 0.658000 0.648800
vt 0.764260 0.648800
vt 0.764260 0.980000
vt 0.658000 0.648800
vt 0.764260 0.980000
vt 0.658000 0.980000
vt 0.658000 0.648800
vt 0.764260 0.648800
vt 0.764260 0.980000
vt 0.658000 0.648800
vt 0.764260 0.980000
vt 0.658000 0.980000
vt 0.658000 0.648800
vt 0.764260 0.648800
vt 0.764260 0.980000
vt 0.658000 0.648800
vt 0.764260 0.980000
vt 0.658000 0.980000
vt 0.584400 0.556800
vt 0.943200 0.556800
vt 0.943200 0.943200
vt 0.584400 0.556800
vt 0.943200 0.943200
vt 0.556800 0.943200
vn 0.174229 0.981982 0.073187
vn 0.174229 0.981982 0.073187
vn 0.174229 0.981982 0.073187
vn 0.171354 0.982223 0.076654
vn 0.171354 0.982223 0.076654
vn 0.171354 0.982223 0.076654
vn 0.118289 0.979746 0.161570
vn 0.118289 0.979746 0.161570
vn 0.118289 0.979746 0.161570
vn 0.150720 0.977790 0.145636
vn 0.150720 0.977790 0.145636
vn 0.150720 0.977790 0.145636
vn 0.080134 0.979797 0.183239
vn 0.080134 0.979797 0.183239
vn 0.080134 0.979797 0.183239
vn 0.103258 0.977947 0.181542
vn 0.103258 0.977947 0.181542
vn 0.103258 0.977947 0.181542
vn 0.049482 0.976252 0.210913
vn 0.049482 0.976252 0.210913
vn 0.049482 0.976252 0.210913
vn 0.039729 0.977618 0.206603
vn 0.039729 0.977618 0.206603
vn 0.039729 0.977618 0.206603
vn -0.012111 0.971765 0.235641
vn -0.012111 0.971765 0.235641
vn -0.012111 0.971765 0.235641
vn -0.031663 0.976959 0.211066
vn -0.031663 0.976959 0.211066
vn -0.031663 0.976959 0.211066
vn -0.099131 0.973574 0.205735
vn -0.099131 0.973574 0.205735
vn -0.099131 0.973574 0.205735
vn -0.106018 0.977304 0.183403
vn -0.106018 0.977304 0.183403
vn -0.106018 0.977304 0.183403
vn -0.159887 0.982647 0.094029
vn -0.159887 0.982647 0.094029
vn -0.159887 0.982647 0.094029
vn -0.160257 0.978932 0.126527
vn -0.160257 0.978932 0.126527
vn -0.160257 0.978932 0.126527
vn -0.155226 0.987841 0.008635
vn -0.155226 0.987841 0.008635
vn -0.155226 0.987841 0.008635
vn -0.170008 0.983512 0.061648
vn -0.170008 0.983512 0.061648
vn -0.170008 0.983512 0.061648
vn -0.154025 0.987884 -0.018988
vn -0.154025 0.987884 -0.018988
vn -0.154025 0.987884 -0.018988
vn -0.155209 0.987735 -0.017011
vn -0.155209 0.987735 -0.017011
vn -0.155209 0.987735 -0.017011
vn -0.159142 0.983193 -0.089471
vn -0.159142 0.983193 -0.089471
vn -0.159142 0.983193 -0.089471
vn -0.126738 0.985549 -0.112387
vn -0.126738 0.985549 -0.112387
vn -0.126738 0.985549 -0.112387
vn -0.103948 0.974788 -0.197443
vn -0.103948 0.974788 -0.197443
vn -0.103948 0.974788 -0.197443
vn -0.080844 0.977032 -0.197161
vn -0.080844 0.977032 -0.197161
vn -0.080844 0.977032 -0.197161
vn -0.015590 0.971499 -0.236529
vn -0.015590 0.971499 -0.236529
vn -0.015590 0.971499 -0.236529
vn -0.022962 0.970222 -0.241127
vn -0.022962 0.970222 -0.241127
vn -0.022962 0.970222 -0.241127
vn 0.052461 0.976299 -0.209973
vn 0.052461 0.976299 -0.209973
vn 0.052461 0.976299 -0.209973
vn 0.032363 0.971108 -0.236434
vn 0.032363 0.971108 -0.236434
vn 0.032363 0.971108 -0.236434
vn 0.085056 0.980717 -0.175954
vn 0.085056 0.980717 -0.175954
vn 0.085056 0.980717 -0.175954
vn 0.078109 0.977585 -0.195516
vn 0.078109 0.977585 -0.195516
vn 0.078109 0.977585 -0.195516
vn 0.118044 0.980340 -0.158109
vn 0.118044 0.980340 -0.158109
vn 0.118044 0.980340 -0.158109
vn 0.119707 0.984604 -0.127380
vn 0.119707 0.984604 -0.127380
vn 0.119707 0.984604 -0.127380
vn 0.171255 0.981653 -0.083835
vn 0.171255 0.981653 -0.083835
vn 0.171255 0.981653 -0.083835
vn 0.156540 0.987210 -0.030178
vn 0.156540 0.987210 -0.030178
vn 0.156540 0.987210 -0.030178
vn 0.303994 0.942918 0.135990
vn 0.303994 0.942918 0.135990
vn 0.303994 0.942918 0.135990
vn 0.340802 0.933033 0.115343
vn 0.340802 0.933033 0.115343
vn 0.340802 0.933033 0.115343
vn 0.238458 0.943423 0.230415
vn 0.238458 0.943423 0.230415
vn 0.238458 0.943423 0.230415
vn 0.274027 0.935027 0.225021
vn 0.274027 0.935027 0.225021
vn 0.274027 0.935027 0.225021
vn 0.180508 0.930968 0.317358
vn 0.180508 0.930968 0.317358
vn 0.180508 0.930968 0.317358
vn 0.174263 0.932804 0.315449
vn 0.174263 0.932804 0.315449
vn 0.174263 0.932804 0.315449
vn 0.078520 0.909452 0.408329
vn 0.078520 0.909452 0.408329
vn 0.078520 0.909452 0.408329
vn 0.057046 0.920698 0.386084
vn 0.057046 0.920698 0.386084
vn 0.057046 0.920698 0.386084
vn -0.064778 0.899638 0.431804
vn -0.064778 0.899638 0.431804
vn -0.064778 0.899638 0.431804
vn -0.073742 0.909784 0.408478
vn -0.073742 0.909784 0.408478
vn -0.073742 0.909784 0.408478
vn -0.199348 0.917242 0.344859
vn -0.199348 0.917242 0.344859
vn -0.199348 0.917242 0.344859
vn -0.198324 0.910091 0.363871
vn -0.198324 0.910091 0.363871
vn -0.198324 0.910091 0.363871
vn -0.257524 0.944638 0.203321
vn -0.257524 0.944638 0.203321
vn -0.257524 0.944638 0.203321
vn -0.269295 0.927825 0.258109
vn -0.269295 0.927825 0.258109
vn -0.269295 0.927825 0.258109
vn -0.278190 0.955214 0.100877
vn -0.278190 0.955214 0.100877
vn -0.278190 0.955214 0.100877
vn -0.285656 0.951355 0.115431
vn -0.285656 0.951355 0.115431
vn -0.285656 0.951355 0.115431
vn -0.309785 0.950200 -0.033952
vn -0.309785 0.950200 -0.033952
vn -0.309785 0.950200 -0.033952
vn -0.279113 0.958383 -0.059976
vn -0.279113 0.958383 -0.059976
vn -0.279113 0.958383 -0.059976
vn -0.278411 0.928189 -0.246886
vn -0.278411 0.928189 -0.246886
vn -0.278411 0.928189 -0.246886
vn -0.242031 0.937619 -0.249582
vn -0.242031 0.937619 -0.249582
vn -0.242031 0.937619 -0.249582
vn -0.157987 0.909169 -0.385294
vn -0.157987 0.909169 -0.385294
vn -0.157987 0.909169 -0.385294
vn -0.162749 0.907214 -0.387911
vn -0.162749 0.907214 -0.387911
vn -0.162749 0.907214 -0.387911
vn -0.038936 0.911757 -0.408880
vn -0.038936 0.911757 -0.408880
vn -0.038936 0.911757 -0.408880
vn -0.060432 0.899053 -0.433650
vn -0.060432 0.899053 -0.433650
vn -0.060432 0.899053 -0.433650
vn 0.053107 0.920135 -0.387984
vn 0.053107 0.920135 -0.387984
vn 0.053107 0.920135 -0.387984
vn 0.043719 0.911577 -0.408799
vn 0.043719 0.911577 -0.408799
vn 0.043719 0.911577 -0.408799
vn 0.142236 0.923584 -0.356036
vn 0.142236 0.923584 -0.356036
vn 0.142236 0.923584 -0.356036
vn 0.144576 0.929953 -0.338060
vn 0.144576 0.929953 -0.338060
vn 0.144576 0.929953 -0.338060
vn 0.256923 0.926956 -0.273391
vn 0.256923 0.926956 -0.273391
vn 0.256923 0.926956 -0.273391
vn 0.246316 0.943867 -0.220100
vn 0.246316 0.943867 -0.220100
vn 0.246316 0.943867 -0.220100
vn 0.342344 0.937254 -0.065998
vn 0.342344 0.937254 -0.065998
vn 0.342344 0.937254 -0.065998
vn 0.330697 0.942430 -0.049646
vn 0.330697 0.942430 -0.049646
vn 0.330697 0.942430 -0.049646
vn 0.324567 0.939462 0.109848
vn 0.324567 0.939462 0.109848
vn 0.324567 0.939462 0.109848
vn 0.368375 0.925632 0.086634
vn 0.368375 0.925632 0.086634
vn 0.368375 0.925632 0.086634
vn 0.279613 0.932253 0.229609
vn 0.279613 0.932253 0.229609
vn 0.279613 0.932253 0.229609
vn 0.286154 0.930390 0.229106
vn 0.286154 0.930390 0.229106
vn 0.286154 0.930390 0.229106
vn 0.206204 0.904517 0.373268
vn 0.206204 0.904517 0.373268
vn 0.206204 0.904517 0.373268
vn 0.180647 0.915126 0.360431
vn 0.180647 0.915126 0.360431
vn 0.180647 0.915126 0.360431
vn 0.070323 0.876662 0.475940
vn 0.070323 0.876662 0.475940
vn 0.070323 0.876662 0.475940
vn 0.054103 0.889672 0.453383
vn 0.054103 0.889672 0.453383
vn 0.054103 0.889672 0.453383
vn -0.085187 0.877539 0.471878
vn -0.085187 0.877539 0.471878
vn -0.085187 0.877539 0.471878
vn -0.084163 0.875720 0.475428
vn -0.084163 0.875720 0.475428
vn -0.084163 0.875720 0.475428
vn -0.202024 0.906531 0.370659
vn -0.202024 0.906531 0.370659
vn -0.202024 0.906531 0.370659
vn -0.201698 0.887772 0.413738
vn -0.201698 0.887772 0.413738
vn -0.201698 0.887772 0.413738
vn -0.263757 0.930873 0.252801
vn -0.263757 0.930873 0.252801
vn -0.263757 0.930873 0.252801
vn -0.271544 0.919752 0.283408
vn -0.271544 0.919752 0.283408
vn -0.271544 0.919752 0.283408
vn -0.324451 0.936772 0.131107
vn -0.324451 0.936772 0.131107
vn -0.324451 0.936772 0.131107
vn -0.310170 0.944443 0.108732
vn -0.310170 0.944443 0.108732
vn -0.310170 0.944443 0.108732
vn -0.368880 0.926091 -0.079265
vn -0.368880 0.926091 -0.079265
vn -0.368880 0.926091 -0.079265
vn -0.325551 0.939950 -0.102524
vn -0.325551 0.939950 -0.102524
vn -0.325551 0.939950 -0.102524
vn -0.299166 0.902955 -0.308499
vn -0.299166 0.902955 -0.308499
vn -0.299166 0.902955 -0.308499
vn -0.290660 0.906123 -0.307340
vn -0.290660 0.906123 -0.307340
vn -0.290660 0.906123 -0.307340
vn -0.171787 0.896012 -0.409453
vn -0.171787 0.896012 -0.409453
vn -0.171787 0.896012 -0.409453
vn -0.197869 0.882575 -0.426507
vn -0.197869 0.882575 -0.426507
vn -0.197869 0.882575 -0.426507
vn -0.060792 0.897779 -0.436230
vn -0.060792 0.897779 -0.436230
vn -0.060792 0.897779 -0.436230
vn -0.077397 0.885952 -0.457273
vn -0.077397 0.885952 -0.457273
vn -0.077397 0.885952 -0.457273
vn 0.047150 0.896326 -0.440882
vn 0.047150 0.896326 -0.440882
vn 0.047150 0.896326 -0.440882
vn 0.048753 0.898373 -0.436519
vn 0.048753 0.898373 -0.436519
vn 0.048753 0.898373 -0.436519
vn 0.176049 0.894176 -0.411651
vn 0.176049 0.894176 -0.411651
vn 0.176049 0.894176 -0.411651
vn 0.177475 0.911355 -0.371395
vn 0.177475 0.911355 -0.371395
vn 0.177475 0.911355 -0.371395
vn 0.317942 0.904543 -0.284102
vn 0.317942 0.904543 -0.284102
vn 0.317942 0.904543 -0.284102
vn 0.306603 0.918517 -0.249643
vn 0.306603 0.918517 -0.249643
vn 0.306603 0.918517 -0.249643
vn 0.369196 0.927697 -0.055426
vn 0.369196 0.927697 -0.055426
vn 0.369196 0.927697 -0.055426
vn 0.388639 0.918111 -0.077666
vn 0.388639 0.918111 -0.077666
vn 0.388639 0.918111 -0.077666
vn 0.000000 -1.000000 0.000000
vn 0.000000 -1.000000 0.000000
vn 0.000000 -1.000000 0.000000
vn 0.000000 -1.000000 0.000000
vn 0.000000 -1.000000 0.000000
vn 0.000000 -1.000000 0.000000
vn 0.000000 -1.000000 0.000000
vn 0.000000 -1.000000 0.000000
vn 0.000000 -1.000000 0.000000
vn 0.000000 -1.000000 0.000000
vn 0.000000 -1.000000 0.000000
vn 0.000000 -1.000000 0.000000
vn 0.000000 -1.000000 0.000000
vn 0.000000 -1.000000 0.000000
vn 0.000000 -1.000000 0.000000
vn 0.000000 -1.000000 0.000000
vn 0.000000 -1.000000 0.000000
vn 0.000000 -1.000000 0.000000
vn 0.000000 -1.000000 0.000000
vn 0.000000 -1.000000 0.000000
vn 0.000000 -1.000000 0.000000
vn 0.000000 -1.000000 0.000000
vn 0.000000 -1.000000 0.000000
vn 0.000000 -1.000000 0.000000
vn -0.000000 -1.000000 0.000000
vn -0.000000 -1.000000 0.000000
vn -0.000000 -1.000000 0.000000
vn 0.000000 -1.000000 0.000000
vn 0.000000 -1.000000 0.000000
vn 0.000000 -1.000000 0.000000
vn 0.000000 -1.000000 0.000000
vn 0.000000 -1.000000 0.000000
vn 0.000000 -1.000000 0.000000
vn 0.000000 -1.000000 0.000000
vn 0.000000 -1.000000 0.000000
vn 0.000000 -1.000000 0.000000
vn 0.000000 -1.000000 -0.000000
vn 0.000000 -1.000000 -0.000000
vn 0.000000 -1.000000 -0.000000
vn 0.000000 -1.000000 0.000000
vn 0.000000 -1.000000 0.000000
vn 0.000000 -1.000000 0.000000
vn 0.000000 -1.000000 0.000000
vn 0.000000 -1.000000 0.000000
vn 0.000000 -1.000000 0.000000
vn 0.000000 -1.000000 0.000000
vn 0.000000 -1.000000 0.000000
vn 0.000000 -1.000000 0.000000
vn 0.000000 0.000000 1.000000
vn 0.000000 0.000000 1.000000
vn 0.000000 0.000000 1.000000
vn 0.000000 0.000000 1.000000
vn 0.000000 0.000000 1.000000
vn 0.000000 0.000000 1.000000
vn 0.000000 0.000000 -1.000000
vn 0.000000 0.000000 -1.000000
vn 0.000000 0.000000 -1.000000
vn 0.000000 0.000000 -1.000000
vn 0.000000 0.000000 -1.000000
vn 0.000000 0.000000 -1.000000
vn 1.000000 0.000000 0.000000
vn 1.000000 0.000000 0.000000
vn 1.000000 0.000000 0.000000
vn 1.000000 -0.000000 0.000000
vn 1.000000 -0.000000 0.000000
vn 1.000000 -0.000000 0.000000
vn -1.000000 0.000000 0.000000
vn -1.000000 0.000000 0.000000
vn -1.000000 0.000000 0.000000
vn -1.000000 0.000000 0.000000
vn -1.000000 0.000000 0.000000
vn -1.000000 0.000000 0.000000
vn -0.000000 1.000000 0.000000
vn -0.000000 1.000000 0.000000
vn -0.000000 1.000000 0.000000
vn 0.000000 1.000000 0.000000
vn 0.000000 1.000000 0.000000
vn 0.000000 1.000000 0.000000
vn 0.000000 -0.707107 0.707107
vn 0.000000 -0.707107 0.707107
vn 0.000000 -0.707107 0.707107
vn 0.000000 -0.707107 0.707107
vn 0.000000 -0.707107 0.707107
vn 0.000000 -0.707107 0.707107
vn -0.707107 -0.707107 0.000000
vn -0.707107 -0.707107 0.000000
vn -0.707107 -0.707107 0.000000
vn -0.707107 -0.707107 0.000000
vn -0.707107 -0.707107 0.000000
vn -0.707107 -0.707107 0.000000
vn -0.000000 -0.707107 -0.707107
vn -0.000000 -0.707107 -0.707107
vn -0.000000 -0.707107 -0.707107
vn 0.000000 -0.707107 -0.707107
vn 0.000000 -0.707107 -0.707107
vn 0.000000 -0.707107 -0.707107
vn 0.707107 -0.707107 0.000000
vn 0.707107 -0.707107 0.000000
vn 0.707107 -0.707107 0.000000
vn 0.707107 -0.707107 0.000000
vn 0.707107 -0.707107 0.000000
vn 0.707107 -0.707107 0.000000
vn 0.000000 -1.000000 0.000000
vn 0.000000 -1.000000 0.000000
vn 0.000000 -1.000000 0.000000
vn 0.000000 -1.000000 0.000000
vn 0.000000 -1.000000 0.000000
vn 0.000000 -1.000000 0.000000
vn 0.000000 0.000000 1.000000
vn 0.000000 0.000000 1.000000
vn 0.000000 0.000000 1.000000
vn 0.000000 0.000000 1.000000
vn 0.000000 0.000000 1.000000
vn 0.000000 0.000000 1.000000
vn 0.000000 0.000000 -1.000000
vn 0.000000 0.000000 -1.000000
vn 0.000000 0.000000 -1.000000
vn 0.000000 0.000000 -1.000000
vn 0.000000 0.000000 -1.000000
vn 0.000000 0.000000 -1.000000
vn 1.000000 0.000000 0.000000
vn 1.000000 0.000000 0.000000
vn 1.000000 0.000000 0.000000
vn 1.000000 -0.000000 0.000000
vn 1.000000 -0.000000 0.000000
vn 1.000000 -0.000000 0.000000
vn -1.000000 0.000000 0.000000
vn -1.000000 0.000000 0.000000
vn -1.000000 0.000000 0.000000
vn -1.000000 0.000000 0.000000
vn -1.000000 0.000000 0.000000
vn -1.000000 0.000000 0.000000
vn -0.000000 1.000000 0.000000
vn -0.000000 1.000000 0.000000
vn -0.000000 1.000000 0.000000
vn 0.000000 1.000000 0.000000
vn 0.000000 1.000000 0.000000
vn 0.000000 1.000000 0.000000
vn 0.000000 -0.707107 0.707107
vn 0.000000 -0.707107 0.707107
vn 0.000000 -0.707107 0.707107
vn 0.000000 -0.707107 0.707107
vn 0.000000 -0.707107 0.707107
vn 0.000000 -0.707107 0.707107
vn -0.707107 -0.707107 0.000000
vn -0.707107 -0.707107 0.000000
vn -0.707107 -0.707107 0.000000
vn -0.707107 -0.707107 0.000000
vn -0.707107 -0.707107 0.000000
vn -0.707107 -0.707107 0.000000
vn -0.000000 -0.707107 -0.707107
vn -0.000000 -0.707107 -0.707107
vn -0.000000 -0.707107 -0.707107
vn 0.000000 -0.707107 -0.707107
vn 0.000000 -0.707107 -0.707107
vn 0.000000 -0.707107 -0.707107
vn 0.707107 -0.707107 0.000000
vn 0.707107 -0.707107 0.000000
vn 0.707107 -0.707107 0.000000
vn 0.707107 -0.707107 0.000000
vn 0.707107 -0.707107 0.000000
vn 0.707107 -0.707107 0.000000
vn 0.000000 -1.000000 0.000000
vn 0.000000 -1.000000 0.000000
vn 0.000000 -1.000000 0.000000
vn 0.000000 -1.000000 0.000000
vn 0.000000 -1.000000 0.000000
vn 0.000000 -1.000000 0.000000
vn 0.000000 0.000000 1.000000
vn 0.000000 0.000000 1.000000
vn 0.000000 0.000000 1.000000
vn 0.000000 0.000000 1.000000
vn 0.000000 0.000000 1.000000
vn 0.000000 0.000000 1.000000
vn 0.000000 0.000000 -1.000000
vn 0.000000 0.000000 -1.000000
vn 0.000000 0.000000 -1.000000
vn 0.000000 0.000000 -1.000000
vn 0.000000 0.000000 -1.000000
vn 0.000000 0.000000 -1.000000
vn 1.000000 0.000000 0.000000
vn 1.000000 0.000000 0.000000
vn 1.000000 0.000000 0.000000
vn 1.000000 -0.000000 0.000000
vn 1.000000 -0.000000 0.000000
vn 1.000000 -0.000000 0.000000
vn -1.000000 0.000000 0.000000
vn -1.000000 0.000000 0.000000
vn -1.000000 0.000000 0.000000
vn -1.000000 0.000000 0.000000
vn -1.000000 0.000000 0.000000
vn -1.000000 0.000000 0.000000
vn -0.000000 1.000000 0.000000
vn -0.000000 1.000000 0.000000
vn -0.000000 1.000000 0.000000
vn 0.000000 1.000000 0.000000
vn 0.000000 1.000000 0.000000
vn 0.000000 1.000000 0.000000
vn 0.000000 -0.707106 0.707108
vn 0.000000 -0.707106 0.707108
vn 0.000000 -0.707106 0.707108
vn 0.000000 -0.707106 0.707108
vn 0.000000 -0.707106 0.707108
vn 0.000000 -0.707106 0.707108
vn -0.707108 -0.707106 0.000000
vn -0.707108 -0.707106 0.000000
vn -0.707108 -0.707106 0.000000
vn -0.707108 -0.707106 0.000000
vn -0.707108 -0.707106 0.000000
vn -0.707108 -0.707106 0.000000
vn -0.000000 -0.707105 -0.707108
vn -0.000000 -0.707105 -0.707108
vn -0.000000 -0.707105 -0.707108
vn 0.000000 -0.707105 -0.707108
vn 0.000000 -0.707105 -0.707108
vn 0.000000 -0.707105 -0.707108
vn 0.707108 -0.707106 0.000000
vn 0.707108 -0.707106 0.000000
vn 0.707108 -0.707106 0.000000
vn 0.707108 -0.707106 0.000000
vn 0.707108 -0.707106 0.000000
vn 0.707108 -0.707106 0.000000
vn 0.000000 -1.000000 0.000000
vn 0.000000 -1.000000 0.000000
vn 0.000000 -1.000000 0.000000
vn 0.000000 -1.000000 0.000000
vn 0.000000 -1.000000 0.000000
vn 0.000000 -1.000000 0.000000
vn 0.000000 0.000000 1.000000
vn 0.000000 0.000000 1.000000
vn 0.000000 0.000000 1.000000
vn 0.000000 0.000000 1.000000
vn 0.000000 0.000000 1.000000
vn 0.000000 0.000000 1.000000
vn 0.000000 0.000000 -1.000000
vn 0.000000 0.000000 -1.000000
vn 0.000000 0.000000 -1.000000
vn 0.000000 0.000000 -1.000000
vn 0.000000 0.000000 -1.000000
vn 0.000000 0.000000 -1.000000
vn 1.000000 0.000000 0.000000
vn 1.000000 0.000000 0.000000
vn 1.000000 0.000000 0.000000
vn 1.000000 -0.000000 0.000000
vn 1.000000 -0.000000 0.000000
vn 1.000000 -0.000000 0.000000
vn -1.000000 0.000000 0.000000
vn -1.000000 0.000000 0.000000
vn -1.000000 0.000000 0.000000
vn -1.000000 0.000000 0.000000
vn -1.000000 0.000000 0.000000
vn -1.000000 0.000000 0.000000
vn -0.000000 1.000000 0.000000
vn -0.000000 1.000000 0.000000
vn -0.000000 1.000000 0.000000
vn 0.000000 1.000000 0.000000
vn 0.000000 1.000000 0.000000
vn 0.000000 1.000000 0.000000
vn 0.000000 -0.707107 0.707106
vn 0.000000 -0.707107 0.707106
vn 0.000000 -0.707107 0.707106
vn 0.000000 -0.707107 0.707106
vn 0.000000 -0.707107 0.707106
vn 0.000000 -0.707107 0.707106
vn -0.707106 -0.707108 0.000000
vn -0.707106 -0.707108 0.000000
vn -0.707106 -0.707108 0.000000
vn -0.707106 -0.707108 0.000000
vn -0.707106 -0.707108 0.000000
vn -0.707106 -0.707108 0.000000
vn -0.000000 -0.707108 -0.707106
vn -0.000000 -0.707108 -0.707106
vn -0.000000 -0.707108 -0.707106
vn 0.000000 -0.707108 -0.707106
vn 0.000000 -0.707108 -0.707106
vn 0.000000 -0.707108 -0.707106
vn 0.707106 -0.707107 0.000000
vn 0.707106 -0.707107 0.000000
vn 0.707106 -0.707107 0.000000
vn 0.707106 -0.707107 0.000000
vn 0.707106 -0.707107 0.000000
vn 0.707106 -0.707107 0.000000
vn 0.000000 -1.000000 0.000000
vn 0.000000 -1.000000 0.000000
vn 0.000000 -1.000000 0.000000
vn 0.000000 -1.000000 0.000000
vn 0.000000 -1.000000 0.000000
vn 0.000000 -1.000000 0.000000
vn 0.000000 0.000000 1.000000
vn 0.000000 0.000000 1.000000
vn 0.000000 0.000000 1.000000
vn 0.000000 0.000000 1.000000
vn 0.000000 0.000000 1.000000
vn 0.000000 0.000000 1.000000
vn 0.000000 0.000000 -1.000000
vn 0.000000 0.000000 -1.000000
vn 0.000000 0.000000 -1.000000
vn 0.000000 0.000000 -1.000000
vn 0.000000 0.000000 -1.000000
vn 0.000000 0.000000 -1.000000
vn 1.000000 0.000000 0.000000
vn 1.000000 0.000000 0.000000
vn 1.000000 0.000000 0.000000
vn 1.000000 -0.000000 0.000000
vn 1.000000 -0.000000 0.000000
vn 1.000000 -0.000000 0.000000
vn -1.000000 0.000000 0.000000
vn -1.000000 0.000000 0.000000
vn -1.000000 0.000000 0.000000
vn -1.000000 0.000000 0.000000
vn -1.000000 0.000000 0.000000
vn -1.000000 0.000000 0.000000
vn -0.000000 1.000000 0.000000
vn -0.000000 1.000000 0.000000
vn -0.000000 1.000000 0.000000
vn 0.000000 1.000000 0.000000
vn 0.000000 1.000000 0.000000
vn 0.000000 1.000000 0.000000
vn 0.000000 -0.707107 0.707106
vn 0.000000 -0.707107 0.707106
vn 0.000000 -0.707107 0.707106
vn 0.000000 -0.707107 0.707106
vn 0.000000 -0.707107 0.707106
vn 0.000000 -0.707107 0.707106
vn -0.707106 -0.707108 0.000000
vn -0.707106 -0.707108 0.000000
vn -0.707106 -0.707108 0.000000
vn -0.707106 -0.707108 0.000000
vn -0.707106 -0.707108 0.000000
vn -0.707106 -0.707108 0.000000
vn -0.000000 -0.707108 -0.707106
vn -0.000000 -0.707108 -0.707106
vn -0.000000 -0.707108 -0.707106
vn 0.000000 -0.707108 -0.707106
vn 0.000000 -0.707108 -0.707106
vn 0.000000 -0.707108 -0.707106
vn 0.707107 -0.707107 0.000000
vn 0.707107 -0.707107 0.000000
vn 0.707107 -0.707107 0.000000
vn 0.707107 -0.707107 0.000000
vn 0.707107 -0.707107 0.000000
vn 0.707107 -0.707107 0.000000
vn 0.000000 -1.000000 0.000000
vn 0.000000 -1.000000 0.000000
vn 0.000000 -1.000000 0.000000
vn 0.000000 -1.000000 0.000000
vn 0.000000 -1.000000 0.000000
vn 0.000000 -1.000000 0.000000
vn 0.000000 0.000000 1.000000
vn 0.000000 0.000000 1.000000
vn 0.000000 0.000000 1.000000
vn 0.000000 0.000000 1.000000
vn 0.000000 0.000000 1.000000
vn 0.000000 0.000000 1.000000
vn 0.000000 0.000000 -1.000000
vn 0.000000 0.000000 -1.000000
vn 0.000000 0.000000 -1.000000
vn 0.000000 0.000000 -1.000000
vn 0.000000 0.000000 -1.000000
vn 0.000000 0.000000 -1.000000
vn 1.000000 0.000000 0.000000
vn 1.000000 0.000000 0.000000
vn 1.000000 0.000000 0.000000
vn 1.000000 -0.000000 0.000000
vn 1.000000 -0.000000 0.000000
vn 1.000000 -0.000000 0.000000
vn -1.000000 0.000000 0.000000
vn -1.000000 0.000000 0.000000
vn -1.000000 0.000000 0.000000
vn -1.000000 0.000000 0.000000
vn -1.000000 0.000000 0.000000
vn -1.000000 0.000000 0.000000
vn -0.000000 1.000000 0.000000
vn -0.000000 1.000000 0.000000
vn -0.000000 1.000000 0.000000
vn 0.000000 1.000000 0.000000
vn 0.000000 1.000000 0.000000
vn 0.000000 1.000000 0.000000
vn 0.000000 -0.707108 0.707106
vn 0.000000 -0.707108 0.707106
vn 0.000000 -0.707108 0.707106
vn 0.000000 -0.707108 0.707106
vn 0.000000 -0.707108 0.707106
vn 0.000000 -0.707108 0.707106
vn -0.707106 -0.707107 0.000000
vn -0.707106 -0.707107 0.000000
vn -0.707106 -0.707107 0.000000
vn -0.707106 -0.707107 0.000000
vn -0.707106 -0.707107 0.000000
vn -0.707106 -0.707107 0.000000
vn -0.000000 -0.707107 -0.707106
vn -0.000000 -0.707107 -0.707106
vn -0.000000 -0.707107 -0.707106
vn 0.000000 -0.707107 -0.707106
vn 0.000000 -0.707107 -0.707106
vn 0.000000 -0.707107 -0.707106
vn 0.707106 -0.707108 0.000000
vn 0.707106 -0.707108 0.000000
vn 0.707106 -0.707108 0.000000
vn 0.707106 -0.707108 0.000000
vn 0.707106 -0.707108 0.000000
vn 0.707106 -0.707108 0.000000
vn 0.000000 -1.000000 0.000000
vn 0.000000 -1.000000 0.000000
vn 0.000000 -1.000000 0.000000
vn 0.000000 -1.000000 0.000000
vn 0.000000 -1.000000 0.000000
vn 0.000000 -1.000000 0.000000
vn 0.000000 0.000000 1.000000
vn 0.000000 0.000000 1.000000
vn 0.000000 0.000000 1.000000
vn 0.000000 0.000000 1.000000
vn 0.000000 0.000000 1.000000
vn 0.000000 0.000000 1.000000
vn 0.000000 0.000000 -1.000000
vn 0.000000 0.000000 -1.000000
vn 0.000000 0.000000 -1.000000
vn 0.000000 0.000000 -1.000000
vn 0.000000 0.000000 -1.000000
vn 0.000000 0.000000 -1.000000
vn 1.000000 0.000000 0.000000
vn 1.000000 0.000000 0.000000
vn 1.000000 0.000000 0.000000
vn 1.000000 -0.000000 0.000000
vn 1.000000 -0.000000 0.000000
vn 1.000000 -0.000000 0.000000
vn -1.000000 0.000000 0.000000
vn -1.000000 0.000000 0.000000
vn -1.000000 0.000000 0.000000
vn -1.000000 0.000000 0.000000
vn -1.000000 0.000000 0.000000
vn -1.000000 0.000000 0.000000
vn -0.000000 1.000000 0.000000
vn -0.000000 1.000000 0.000000
vn -0.000000 1.000000 0.000000
vn 0.000000 1.000000 0.000000
vn 0.000000 1.000000 0.000000
vn 0.000000 1.000000 0.000000
vn 0.000000 -0.707108 0.707106
vn 0.000000 -0.707108 0.707106
vn 0.000000 -0.707108 0.707106
vn 0.000000 -0.707108 0.707106
vn 0.000000 -0.707108 0.707106
vn 0.000000 -0.707108 0.707106
vn -0.707106 -0.707108 0.000000
vn -0.707106 -0.707108 0.000000
vn -0.707106 -0.707108 0.000000
vn -0.707106 -0.707108 0.000000
vn -0.707106 -0.707108 0.000000
vn -0.707106 -0.707108 0.000000
vn -0.000000 -0.707107 -0.707106
vn -0.000000 -0.707107 -0.707106
vn -0.000000 -0.707107 -0.707106
vn 0.000000 -0.707107 -0.707106
vn 0.000000 -0.707107 -0.707106
vn 0.000000 -0.707107 -0.707106
vn 0.707106 -0.707108 0.000000
vn 0.707106 -0.707108 0.000000
vn 0.707106 -0.707108 0.000000
vn 0.707106 -0.707108 0.000000
vn 0.707106 -0.707108 0.000000
vn 0.707106 -0.707108 0.000000
vn 0.000000 -1.000000 0.000000
vn 0.000000 -1.000000 0.000000
vn 0.000000 -1.000000 0.000000
vn 0.000000 -1.000000 0.000000
vn 0.000000 -1.000000 0.000000
vn 0.000000 -1.000000 0.000000
vn 0.000000 0.000000 1.000000
vn 0.000000 0.000000 1.000000
vn 0.000000 0.000000 1.000000
vn 0.000000 0.000000 1.000000
vn 0.000000 0.000000 1.000000
vn 0.000000 0.000000 1.000000
vn 0.000000 0.000000 -1.000000
vn 0.000000 0.000000 -1.000000
vn 0.000000 0.000000 -1.000000
vn 0.000000 0.000000 -1.000000
vn 0.000000 0.000000 -1.000000
vn 0.000000 0.000000 -1.000000
vn 1.000000 0.000000 0.000000
vn 1.000000 0.000000 0.000000
vn 1.000000 0.000000 0.000000
vn 1.000000 -0.000000 0.000000
vn 1.000000 -0.000000 0.000000
vn 1.000000 -0.000000 0.000000
vn -1.000000 0.000000 0.000000
vn -1.000000 0.000000 0.000000
vn -1.000000 0.000000 0.000000
vn -1.000000 0.000000 0.000000
vn -1.000000 0.000000 0.000000
vn -1.000000 0.000000 0.000000
vn -0.000000 1.000000 0.000000
vn -0.000000 1.000000 0.000000
vn -0.000000 1.000000 0.000000
vn 0.000000 1.000000 0.000000
vn 0.000000 1.000000 0.000000
vn 0.000000 1.000000 0.000000
vn 0.000000 -0.707105 0.707108
vn 0.000000 -0.707105 0.707108
vn 0.000000 -0.707105 0.707108
vn 0.000000 -0.707105 0.707108
vn 0.000000 -0.707105 0.707108
vn 0.000000 -0.707105 0.707108
vn -0.707108 -0.707106 0.000000
vn -0.707108 -0.707106 0.000000
vn -0.707108 -0.707106 0.000000
vn -0.707108 -0.707106 0.000000
vn -0.707108 -0.707106 0.000000
vn -0.707108 -0.707106 0.000000
vn -0.000000 -0.707106 -0.707108
vn -0.000000 -0.707106 -0.707108
vn -0.000000 -0.707106 -0.707108
vn 0.000000 -0.707106 -0.707108
vn 0.000000 -0.707106 -0.707108
vn 0.000000 -0.707106 -0.707108
vn 0.707108 -0.707106 0.000000
vn 0.707108 -0.707106 0.000000
vn 0.707108 -0.707106 0.000000
vn 0.707108 -0.707106 0.000000
vn 0.707108 -0.707106 0.000000
vn 0.707108 -0.707106 0.000000
vn 0.000000 -1.000000 0.000000
vn 0.000000 -1.000000 0.000000
vn 0.000000 -1.000000 0.000000
vn 0.000000 -1.000000 0.000000
vn 0.000000 -1.000000 0.000000
vn 0.000000 -1.000000 0.000000
vn 0.000000 0.000000 1.000000
vn 0.000000 0.000000 1.000000
vn 0.000000 0.000000 1.000000
vn 0.000000 0.000000 1.000000
vn 0.000000 0.000000 1.000000
vn 0.000000 0.000000 1.000000
vn 0.000000 0.000000 -1.000000
vn 0.000000 0.000000 -1.000000
vn 0.000000 0.000000 -1.000000
vn 0.000000 0.000000 -1.000000
vn 0.000000 0.000000 -1.000000
vn 0.000000 0.000000 -1.000000
vn 1.000000 0.000000 0.000000
vn 1.000000 0.000000 0.000000
vn 1.000000 0.000000 0.000000
vn 1.000000 -0.000000 0.000000
vn 1.000000 -0.000000 0.000000
vn 1.000000 -0.000000 0.000000
vn -1.000000 0.000000 0.000000
vn -1.000000 0.000000 0.000000
vn -1.000000 0.000000 0.000000
vn -1.000000 0.000000 0.000000
vn -1.000000 0.000000 0.000000
vn -1.000000 0.000000 0.000000
vn -0.000000 1.000000 0.000000
vn -0.000000 1.000000 0.000000
vn -0.000000 1.000000 0.000000
vn 0.000000 1.000000 0.000000
vn 0.000000 1.000000 0.000000
vn 0.000000 1.000000 0.000000
vn 0.000000 -0.707105 0.707108
vn 0.000000 -0.707105 0.707108
vn 0.000000 -0.707105 0.707108
vn 0.000000 -0.707105 0.707108
vn 0.000000 -0.707105 0.707108
vn 0.000000 -0.707105 0.707108
vn -0.707108 -0.707106 0.000000
vn -0.707108 -0.707106 0.000000
vn -0.707108 -0.707106 0.000000
vn -0.707108 -0.707106 0.000000
vn -0.707108 -0.707106 0.000000
vn -0.707108 -0.707106 0.000000
vn -0.000000 -0.707106 -0.707108
vn -0.000000 -0.707106 -0.707108
vn -0.000000 -0.707106 -0.707108
vn 0.000000 -0.707106 -0.707108
vn 0.000000 -0.707106 -0.707108
vn 0.000000 -0.707106 -0.707108
vn 0.707108 -0.707106 0.000000
vn 0.707108 -0.707106 0.000000
vn 0.707108 -0.707106 0.000000
vn 0.707108 -0.707106 0.000000
vn 0.707108 -0.707106 0.000000
vn 0.707108 -0.707106 0.000000
vn 0.000000 -1.000000 0.000000
vn 0.000000 -1.000000 0.000000
vn 0.000000 -1.000000 0.000000
vn 0.000000 -1.000000 0.000000
vn 0.000000 -1.000000 0.000000
vn 0.000000 -1.000000 0.000000
vn 0.000000 0.000000 1.000000
vn 0.000000 0.000000 1.000000
vn 0.000000 0.000000 1.000000
vn 0.000000 0.000000 1.000000
vn 0.000000 0.000000 1.000000
vn 0.000000 0.000000 1.000000
vn 0.000000 0.000000 -1.000000
vn 0.000000 0.000000 -1.000000
vn 0.000000 0.000000 -1.000000
vn 0.000000 0.000000 -1.000000
vn 0.000000 0.000000 -1.000000
vn 0.000000 0.000000 -1.000000
vn 1.000000 0.000000 0.000000
vn 1.000000 0.000000 0.000000
vn 1.000000 0.000000 0.000000
vn 1.000000 -0.000000 0.000000
vn 1.000000 -0.000000 0.000000
vn 1.000000 -0.000000 0.000000
vn -1.000000 0.000000 0.000000
vn -1.000000 0.000000 0.000000
vn -1.000000 0.000000 0.000000
vn -1.000000 0.000000 0.000000
vn -1.000000 0.000000 0.000000
vn -1.000000 0.000000 0.000000
vn -0.000000 1.000000 0.000000
vn -0.000000 1.000000 0.000000
vn -0.000000 1.000000 0.000000
vn 0.000000 1.000000 0.000000
vn 0.000000 1.000000 0.000000
vn 0.000000 1.000000 0.000000
vn 0.000000 -0.707106 0.707107
vn 0.000000 -0.707106 0.707107
vn 0.000000 -0.707106 0.707107
vn 0.000000 -0.707106 0.707107
vn 0.000000 -0.707106 0.707107
vn 0.000000 -0.707106 0.707107
vn -0.707108 -0.707105 0.000000
vn -0.707108 -0.707105 0.000000
vn -0.707108 -0.707105 0.000000
vn -0.707108 -0.707105 0.000000
vn -0.707108 -0.707105 0.000000
vn -0.707108 -0.707105 0.000000
vn -0.000000 -0.707106 -0.707107
vn -0.000000 -0.707106 -0.707107
vn -0.000000 -0.707106 -0.707107
vn 0.000000 -0.707106 -0.707107
vn 0.000000 -0.707106 -0.707107
vn 0.000000 -0.707106 -0.707107
vn 0.707108 -0.707105 0.000000
vn 0.707108 -0.707105 0.000000
vn 0.707108 -0.707105 0.000000
vn 0.707108 -0.707105 0.000000
vn 0.707108 -0.707105 0.000000
vn 0.707108 -0.707105 0.000000
vn 0.000000 -1.000000 0.000000
vn 0.000000 -1.000000 0.000000
vn 0.000000 -1.000000 0.000000
vn 0.000000 -1.000000 0.000000
vn 0.000000 -1.000000 0.000000
vn 0.000000 -1.000000 0.000000
vn 0.000000 0.000000 1.000000
vn 0.000000 0.000000 1.000000
vn 0.000000 0.000000 1.000000
vn 0.000000 0.000000 1.000000
vn 0.000000 0.000000 1.000000
vn 0.000000 0.000000 1.000000
vn 0.000000 0.000000 -1.000000
vn 0.000000 0.000000 -1.000000
vn 0.000000 0.000000 -1.000000
vn 0.000000 0.000000 -1.000000
vn 0.000000 0.000000 -1.000000
vn 0.000000 0.000000 -1.000000
vn 1.000000 0.000000 0.000000
vn 1.000000 0.000000 0.000000
vn 1.000000 0.000000 0.000000
vn 1.000000 -0.000000 0.000000
vn 1.000000 -0.000000 0.000000
vn 1.000000 -0.000000 0.000000
vn -1.000000 0.000000 0.000000
vn -1.000000 0.000000 0.000000
vn -1.000000 0.000000 0.000000
vn -1.000000 0.000000 0.000000
vn -1.000000 0.000000 0.000000
vn -1.000000 0.000000 0.000000
vn -0.000000 1.000000 0.000000
vn -0.000000 1.000000 0.000000
vn -0.000000 1.000000 0.000000
vn 0.000000 1.000000 0.000000
vn 0.000000 1.000000 0.000000
vn 0.000000 1.000000 0.000000
vn 0.000000 -0.707106 0.707107
vn 0.000000 -0.707106 0.707107
vn 0.000000 -0.707106 0.707107
vn 0.000000 -0.707106 0.707107
vn 0.000000 -0.707106 0.707107
vn 0.000000 -0.707106 0.707107
vn -0.707107 -0.707106 0.000000
vn -0.707107 -0.707106 0.000000
vn -0.707107 -0.707106 0.000000
vn -0.707107 -0.707106 0.000000
vn -0.707107 -0.707106 0.000000
vn -0.707107 -0.707106 0.000000
vn -0.000000 -0.707106 -0.707107
vn -0.000000 -0.707106 -0.707107
vn -0.000000 -0.707106 -0.707107
vn 0.000000 -0.707106 -0.707107
vn 0.000000 -0.707106 -0.707107
vn 0.000000 -0.707106 -0.707107
vn 0.707107 -0.707107 0.000000
vn 0.707107 -0.707107 0.000000
vn 0.707107 -0.707107 0.000000
vn 0.707107 -0.707107 0.000000
vn 0.707107 -0.707107 0.000000
vn 0.707107 -0.707107 0.000000
vn 0.000000 -1.000000 0.000000
vn 0.000000 -1.000000 0.000000
vn 0.000000 -1.000000 0.000000
vn 0.000000 -1.000000 0.000000
vn 0.000000 -1.000000 0.000000
vn 0.000000 -1.000000 0.000000
vn 0.000000 0.000000 1.000000
vn 0.000000 0.000000 1.000000
vn 0.000000 0.000000 1.000000
vn 0.000000 0.000000 1.000000
vn 0.000000 0.000000 1.000000
vn 0.000000 0.000000 1.000000
vn 0.000000 0.000000 -1.000000
vn 0.000000 0.000000 -1.000000
vn 0.000000 0.000000 -1.000000
vn 0.000000 0.000000 -1.000000
vn 0.000000 0.000000 -1.000000
vn 0.000000 0.000000 -1.000000
vn 1.000000 0.000000 0.000000
vn 1.000000 0.000000 0.000000
vn 1.000000 0.000000 0.000000
vn 1.000000 -0.000000 0.000000
vn 1.000000 -0.000000 0.000000
vn 1.000000 -0.000000 0.000000
vn -1.000000 0.000000 0.000000
vn -1.000000 0.000000 0.000000
vn -1.000000 0.000000 0.000000
vn -1.000000 0.000000 0.000000
vn -1.000000 0.000000 0.000000
vn -1.000000 0.000000 0.000000
vn -0.000000 1.000000 0.000000
vn -0.000000 1.000000 0.000000
vn -0.000000 1.000000 0.000000
vn 0.000000 1.000000 0.000000
vn 0.000000 1.000000 0.000000
vn 0.000000 1.000000 0.000000
vn 0.000000 -0.707104 0.707109
vn 0.000000 -0.707104 0.707109
vn 0.000000 -0.707104 0.707109
vn 0.000000 -0.707104 0.707109
vn 0.000000 -0.707104 0.707109
vn 0.000000 -0.707104 0.707109
vn -0.707109 -0.707104 0.000000
vn -0.707109 -0.707104 0.000000
vn -0.707109 -0.707104 0.000000
vn -0.707109 -0.707104 0.000000
vn -0.707109 -0.707104 0.000000
vn -0.707109 -0.707104 0.000000
vn -0.000000 -0.707104 -0.707109
vn -0.000000 -0.707104 -0.707109
vn -0.000000 -0.707104 -0.707109
vn 0.000000 -0.707104 -0.707109
vn 0.000000 -0.707104 -0.707109
vn 0.000000 -0.707104 -0.707109
vn 0.707108 -0.707105 0.000000
vn 0.707108 -0.707105 0.000000
vn 0.707108 -0.707105 0.000000
vn 0.707109 -0.707105 0.000000
vn 0.707109 -0.707105 0.000000
vn 0.707109 -0.707105 0.000000
vn 0.000000 -1.000000 0.000000
vn 0.000000 -1.000000 0.000000
vn 0.000000 -1.000000 0.000000
vn 0.000000 -1.000000 0.000000
vn 0.000000 -1.000000 0.000000
vn 0.000000 -1.000000 0.000000
vn 0.000000 0.000000 1.000000
vn 0.000000 0.000000 1.000000
vn 0.000000 0.000000 1.000000
vn 0.000000 0.000000 1.000000
vn 0.000000 0.000000 1.000000
vn 0.000000 0.000000 1.000000
vn 0.000000 0.000000 -1.000000
vn 0.000000 0.000000 -1.000000
vn 0.000000 0.000000 -1.000000
vn 0.000000 0.000000 -1.000000
vn 0.000000 0.000000 -1.000000
vn 0.000000 0.000000 -1.000000
vn 1.000000 0.000000 0.000000
vn 1.000000 0.000000 0.000000
vn 1.000000 0.000000 0.000000
vn 1.000000 -0.000000 0.000000
vn 1.000000 -0.000000 0.000000
vn 1.000000 -0.000000 0.000000
vn -1.000000 0.000000 0.000000
vn -1.000000 0.000000 0.000000
vn -1.000000 0.000000 0.000000
vn -1.000000 0.000000 0.000000
vn -1.000000 0.000000 0.000000
vn -1.000000 0.000000 0.000000
vn -0.000000 1.000000 0.000000
vn -0.000000 1.000000 0.000000
vn -0.000000 1.000000 0.000000
vn 0.000000 1.000000 0.000000
vn 0.000000 1.000000 0.000000
vn 0.000000 1.000000 0.000000
vn 0.000000 -0.707106 0.707107
vn 0.000000 -0.707106 0.707107
vn 0.000000 -0.707106 0.707107
vn 0.000000 -0.707106 0.707107
vn 0.000000 -0.707106 0.707107
vn 0.000000 -0.707106 0.707107
vn -0.707107 -0.707107 0.000000
vn -0.707107 -0.707107 0.000000
vn -0.707107 -0.707107 0.000000
vn -0.707107 -0.707107 0.000000
vn -0.707107 -0.707107 0.000000
vn -0.707107 -0.707107 0.000000
vn -0.000000 -0.707106 -0.707107
vn -0.000000 -0.707106 -0.707107
vn -0.000000 -0.707106 -0.707107
vn 0.000000 -0.707106 -0.707107
vn 0.000000 -0.707106 -0.707107
vn 0.000000 -0.707106 -0.707107
vn 0.707107 -0.707106 0.000000
vn 0.707107 -0.707106 0.000000
vn 0.707107 -0.707106 0.000000
vn 0.707107 -0.707106 0.000000
vn 0.707107 -0.707106 0.000000
vn 0.707107 -0.707106 0.000000
vn 0.000000 -1.000000 0.000000
vn 0.000000 -1.000000 0.000000
vn 0.000000 -1.000000 0.000000
vn 0.000000 -1.000000 0.000000
vn 0.000000 -1.000000 0.000000
vn 0.000000 -1.000000 0.000000
vn 0.000000 0.000000 1.000000
vn 0.000000 0.000000 1.000000
vn 0.000000 0.000000 1.000000
vn 0.000000 0.000000 1.000000
vn 0.000000 0.000000 1.000000
vn 0.000000 0.000000 1.000000
vn 0.000000 0.000000 -1.000000
vn 0.000000 0.000000 -1.000000
vn 0.000000 0.000000 -1.000000
vn 0.000000 0.000000 -1.000000
vn 0.000000 0.000000 -1.000000
vn 0.000000 0.000000 -1.000000
vn 1.000000 0.000000 0.000000
vn 1.000000 0.000000 0.000000
vn 1.000000 0.000000 0.000000
vn 1.000000 -0.000000 0.000000
vn 1.000000 -0.000000 0.000000
vn 1.000000 -0.000000 0.000000
vn -1.000000 0.000000 0.000000
vn -1.000000 0.000000 0.000000
vn -1.000000 0.000000 0.000000
vn -1.000000 0.000000 0.000000
vn -1.000000 0.000000 0.000000
vn -1.000000 0.000000 0.000000
vn -0.000000 1.000000 0.000000
vn -0.000000 1.000000 0.000000
vn -0.000000 1.000000 0.000000
vn 0.000000 1.000000 0.000000
vn 0.000000 1.000000 0.000000
vn 0.000000 1.000000 0.000000
vn 0.000000 -0.707104 0.707109
vn 0.000000 -0.707104 0.707109
vn 0.000000 -0.707104 0.707109
vn 0.000000 -0.707104 0.707109
vn 0.000000 -0.707104 0.707109
vn 0.000000 -0.707104 0.707109
vn -0.707109 -0.707105 0.000000
vn -0.707109 -0.707105 0.000000
vn -0.707109 -0.707105 0.000000
vn -0.707108 -0.707105 0.000000
vn -0.707108 -0.707105 0.000000
vn -0.707108 -0.707105 0.000000
vn -0.000000 -0.707104 -0.707109
vn -0.000000 -0.707104 -0.707109
vn -0.000000 -0.707104 -0.707109
vn 0.000000 -0.707104 -0.707109
vn 0.000000 -0.707104 -0.707109
vn 0.000000 -0.707104 -0.707109
vn 0.707109 -0.707104 0.000000
vn 0.707109 -0.707104 0.000000
vn 0.707109 -0.707104 0.000000
vn 0.707109 -0.707104 0.000000
vn 0.707109 -0.707104 0.000000
vn 0.707109 -0.707104 0.000000
vn 0.000000 -1.000000 0.000000
vn 0.000000 -1.000000 0.000000
vn 0.000000 -1.000000 0.000000
vn 0.000000 -1.000000 0.000000
vn 0.000000 -1.000000 0.000000
vn 0.000000 -1.000000 0.000000
f 1/1/1 2/2/2 3/3/3
f 4/4/4 5/5/5 6/6/6
f 7/7/7 8/8/8 9/9/9
f 10/10/10 11/11/11 12/12/12
f 13/13/13 14/14/14 15/15/15
f 16/16/16 17/17/17 18/18/18
f 19/19/19 20/20/20 21/21/21
f 22/22/22 23/23/23 24/24/24
f 25/25/25 26/26/26 27/27/27
f 28/28/28 29/29/29 30/30/30
f 31/31/31 32/32/32 33/33/33
f 34/34/34 35/35/35 36/36/36
f 37/37/37 38/38/38 39/39/39
f 40/40/40 41/41/41 42/42/42
f 43/43/43 44/44/44 45/45/45
f 46/46/46 47/47/47 48/48/48
f 49/49/49 50/50/50 51/51/51
f 52/52/52 53/53/53 54/54/54
f 55/55/55 56/56/56 57/57/57
f 58/58/58 59/59/59 60/60/60
f 61/61/61 62/62/62 63/63/63
f 64/64/64 65/65/65 66/66/66
f 67/67/67 68/68/68 69/69/69
f 70/70/70 71/71/71 72/72/72
f 73/73/73 74/74/74 75/75/75
f 76/76/76 77/77/77 78/78/78
f 79/79/79 80/80/80 81/81/81
f 82/82/82 83/83/83 84/84/84
f 85/85/85 86/86/86 87/87/87
f 88/88/88 89/89/89 90/90/90
f 91/91/91 92/92/92 93/93/93
f 94/94/94 95/95/95 96/96/96
f 97/97/97 98/98/98 99/99/99
f 100/100/100 101/101/101 102/102/102
f 103/103/103 104/104/104 105/105/105
f 106/106/106 107/107/107 108/108/108
f 109/109/109 110/110/110 111/111/111
f 112/112/112 113/113/113 114/114/114
f 115/115/115 116/116/116 117/117/117
f 118/118/118 119/119/119 120/120/120
f 121/121/121 122/122/122 123/123/123
f 124/124/124 125/125/125 126/126/126
f 127/127/127 128/128/128 129/129/129
f 130/130/130 131/131/131 132/132/132
f 133/133/133 134/134/134 135/135/135
f 136/136/136 137/137/137 138/138/138
f 139/139/139 140/140/140 141/141/141
f 142/142/142 143/143/143 144/144/144
f 145/145/145 146/146/146 147/147/147
f 148/148/148 149/149/149 150/150/150
f 151/151/151 152/152/152 153/153/153
f 154/154/154 155/155/155 156/156/156
f 157/157/157 158/158/158 159/159/159
f 160/160/160 161/161/161 162/162/162
f 163/163/163 164/164/164 165/165/165
f 166/166/166 167/167/167 168/168/168
f 169/169/169 170/170/170 171/171/171
f 172/172/172 173/173/173 174/174/174
f 175/175/175 176/176/176 177/177/177
f 178/178/178 179/179/179 180/180/180
f 181/181/181 182/182/182 183/183/183
f 184/184/184 185/185/185 186/186/186
f 187/187/187 188/188/188 189/189/189
f 190/190/190 191/191/191 192/192/192
f 193/193/193 194/194/194 195/195/195
f 196/196/196 197/197/197 198/198/198
f 199/199/199 200/200/200 201/201/201
f 202/202/202 203/203/203 204/204/204
f 205/205/205 206/206/206 207/207/207
f 208/208/208 209/209/209 210/210/210
f 211/211/211 212/212/212 213/213/213
f 214/214/214 215/215/215 216/216/216
f 217/217/217 218/218/218 219/219/219
f 220/220/220 221/221/221 222/222/222
f 223/223/223 224/224/224 225/225/225
f 226/226/226 227/227/227 228/228/228
f 229/229/229 230/230/230 231/231/231
f 232/232/232 233/233/233 234/234/234
f 235/235/235 236/236/236 237/237/237
f 238/238/238 239/239/239 240/240/240
f 241/241/241 242/242/242 243/243/243
f 244/244/244 245/245/245 246/246/246
f 247/247/247 248/248/248 249/249/249
f 250/250/250 251/251/251 252/252/252
f 253/253/253 254/254/254 255/255/255
f 256/256/256 257/257/257 258/258/258
f 259/259/259 260/260/260 261/261/261
f 262/262/262 263/263/263 264/264/264
f 265/265/265 266/266/266 267/267/267
f 268/268/268 269/269/269 270/270/270
f 271/271/271 272/272/272 273/273/273
f 274/274/274 275/275/275 276/276/276
f 277/277/277 278/278/278 279/279/279
f 280/280/280 281/281/281 282/282/282
f 283/283/283 284/284/284 285/285/285
f 286/286/286 287/287/287 288/288/288
f 289/289/289 290/290/290 291/291/291
f 292/292/292 293/293/293 294/294/294
f 295/295/295 296/296/296 297/297/297
f 298/298/298 299/299/299 300/300/300
f 301/301/301 302/302/302 303/303/303
f 304/304/304 305/305/305 306/306/306
f 307/307/307 308/308/308 309/309/309
f 310/310/310 311/311/311 312/312/312
f 313/313/313 314/314/314 315/315/315
f 316/316/316 317/317/317 318/318/318
f 319/319/319 320/320/320 321/321/321
f 322/322/322 323/323/323 324/324/324
f 325/325/325 326/326/326 327/327/327
f 328/328/328 329/329/329 330/330/330
f 331/331/331 332/332/332 333/333/333
f 334/334/334 335/335/335 336/336/336
f 337/337/337 338/338/338 339/339/339
f 340/340/340 341/341/341 342/342/342
f 343/343/343 344/344/344 345/345/345
f 346/346/346 347/347/347 348/348/348
f 349/349/349 350/350/350 351/351/351
f 352/352/352 353/353/353 354/354/354
f 355/355/355 356/356/356 357/357/357
f 358/358/358 359/359/359 360/360/360
f 361/361/361 362/362/362 363/363/363
f 364/364/364 365/365/365 366/366/366
f 367/367/367 368/368/368 369/369/369
f 370/370/370 371/371/371 372/372/372
f 373/373/373 374/374/374 375/375/375
f 376/376/376 377/377/377 378/378/378
f 379/379/379 380/380/380 381/381/381
f 382/382/382 383/383/383 384/384/384
f 385/385/385 386/386/386 387/387/387
f 388/388/388 389/389/389 390/390/390
f 391/391/391 392/392/392 393/393/393
f 394/394/394 395/395/395 396/396/396
f 397/397/397 398/398/398 399/399/399
f 400/400/400 401/401/401 402/402/402
f 403/403/403 404/404/404 405/405/405
f 406/406/406 407/407/407 408/408/408
f 409/409/409 410/410/410 411/411/411
f 412/412/412 413/413/413 414/414/414
f 415/415/415 416/416/416 417/417/417
f 418/418/418 419/419/419 420/420/420
f 421/421/421 422/422/422 423/423/423
f 424/424/424 425/425/425 426/426/426
f 427/427/427 428/428/428 429/429/429
f 430/430/430 431/431/431 432/432/432
f 433/433/433 434/434/434 435/435/435
f 436/436/436 437/437/437 438/438/438
f 439/439/439 440/440/440 441/441/441
f 442/442/442 443/443/443 444/444/444
f 445/445/445 446/446/446 447/447/447
f 448/448/448 449/449/449 450/450/450
f 451/451/451 452/452/452 453/453/453
f 454/454/454 455/455/455 456/456/456
f 457/457/457 458/458/458 459/459/459
f 460/460/460 461/461/461 462/462/462
f 463/463/463 464/464/464 465/465/465
f 466/466/466 467/467/467 468/468/468
f 469/469/469 470/470/470 471/471/471
f 472/472/472 473/473/473 474/474/474
f 475/475/475 476/476/476 477/477/477
f 478/478/478 479/479/479 480/480/480
f 481/481/481 482/482/482 483/483/483
f 484/484/484 485/485/485 486/486/486
f 487/487/487 488/488/488 489/489/489
f 490/490/490 491/491/491 492/492/492
f 493/493/493 494/494/494 495/495/495
f 496/496/496 497/497/497 498/498/498
f 499/499/499 500/500/500 501/501/501
f 502/502/502 503/503/503 504/504/504
f 505/505/505 506/506/506 507/507/507
f 508/508/508 509/509/509 510/510/510
f 511/511/511 512/512/512 513/513/513
f 514/514/514 515/515/515 516/516/516
f 517/517/517 518/518/518 519/519/519
f 520/520/520 521/521/521 522/522/522
f 523/523/523 524/524/524 525/525/525
f 526/526/526 527/527/527 528/528/528
f 529/529/529 530/530/530 531/531/531
f 532/532/532 533/533/533 534/534/534
f 535/535/535 536/536/536 537/537/537
f 538/538/538 539/539/539 540/540/540
f 541/541/541 542/542/542 543/543/543
f 544/544/544 545/545/545 546/546/546
f 547/547/547 548/548/548 549/549/549
f 550/550/550 551/551/551 552/552/552
f 553/553/553 554/554/554 555/555/555
f 556/556/556 557/557/557 558/558/558
f 559/559/559 560/560/560 561/561/561
f 562/562/562 563/563/563 564/564/564
f 565/565/565 566/566/566 567/567/567
f 568/568/568 569/569/569 570/570/570
f 571/571/571 572/572/572 573/573/573
f 574/574/574 575/575/575 576/576/576
f 577/577/577 578/578/578 579/579/579
f 580/580/580 581/581/581 582/582/582
f 583/583/583 584/584/584 585/585/585
f 586/586/586 587/587/587 588/588/588
f 589/589/589 590/590/590 591/591/591
f 592/592/592 593/593/593 594/594/594
f 595/595/595 596/596/596 597/597/597
f 598/598/598 599/599/599 600/600/600
f 601/601/601 602/602/602 603/603/603
f 604/604/604 605/605/605 606/606/606
f 607/607/607 608/608/608 609/609/609
f 610/610/610 611/611/611 612/612/612
f 613/613/613 614/614/614 615/615/615
f 616/616/616 617/617/617 618/618/618
f 619/619/619 620/620/620 621/621/621
f 622/622/622 623/623/623 624/624/624
f 625/625/625 626/626/626 627/627/627
f 628/628/628 629/629/629 630/630/630
f 631/631/631 632/632/632 633/633/633
f 634/634/634 635/635/635 636/636/636
f 637/637/637 638/638/638 639/639/639
f 640/640/640 641/641/641 642/642/642
f 643/643/643 644/644/644 645/645/645
f 646/646/646 647/647/647 648/648/648
f 649/649/649 650/650/650 651/651/651
f 652/652/652 653/653/653 654/654/654
f 655/655/655 656/656/656 657/657/657
f 658/658/658 659/659/659 660/660/660
f 661/661/661 662/662/662 663/663/663
f 664/664/664 665/665/665 666/666/666
f 667/667/667 668/668/668 669/669/669
f 670/670/670 671/671/671 672/672/672
f 673/673/673 674/674/674 675/675/675
f 676/676/676 677/677/677 678/678/678
f 679/679/679 680/680/680 681/681/681
f 682/682/682 683/683/683 684/684/684
f 685/685/685 686/686/686 687/687/687
f 688/688/688 689/689/689 690/690/690
f 691/691/691 692/692/692 693/693/693
f 694/694/694 695/695/695 696/696/696
f 697/697/697 698/698/698 699/699/699
f 700/700/700 701/701/701 702/702/702
f 703/703/703 704/704/704 705/705/705
f 706/706/706 707/707/707 708/708/708
f 709/709/709 710/710/710 711/711/711
f 712/712/712 713/713/713 714/714/714
f 715/715/715 716/716/716 717/717/717
f 718/718/718 719/719/719 720/720/720
f 721/721/721 722/722/722 723/723/723
f 724/724/724 725/725/725 726/726/726
f 727/727/727 728/728/728 729/729/729
f 730/730/730 731/731/731 732/732/732
f 733/733/733 734/734/734 735/735/735
f 736/736/736 737/737/737 738/738/738
f 739/739/739 740/740/740 741/741/741
f 742/742/742 743/743/743 744/744/744
f 745/745/745 746/746/746 747/747/747
f 748/748/748 749/749/749 750/750/750
f 751/751/751 752/752/752 753/753/753
f 754/754/754 755/755/755 756/756/756
f 757/757/757 758/758/758 759/759/759
f 760/760/760 761/761/761 762/762/762
f 763/763/763 764/764/764 765/765/765
f 766/766/766 767/767/767 768/768/768
f 769/769/769 770/770/770 771/771/771
f 772/772/772 773/773/773 774/774/774
f 775/775/775 776/776/776 777/777/777
f 778/778/778 779/779/779 780/780/780
f 781/781/781 782/782/782 783/783/783
f 784/784/784 785/785/785 786/786/786
f 787/787/787 788/788/788 789/789/789
f 790/790/790 791/791/791 792/792/792
f 793/793/793 794/794/794 795/795/795
f 796/796/796 797/797/797 798/798/798
f 799/799/799 800/800/800 801/801/801
f 802/802/802 803/803/803 804/804/804
f 805/805/805 806/806/806 807/807/807
f 808/808/808 809/809/809 810/810/810
f 811/811/811 812/812/812 813/813/813
f 814/814/814 815/815/815 816/816/816
f 817/817/817 818/818/818 819/819/819
f 820/820/820 821/821/821 822/822/822
f 823/823/823 824/824/824 825/825/825
f 826/826/826 827/827/827 828/828/828
f 829/829/829 830/830/830 831/831/831
f 832/832/832 833/833/833 834/834/834
f 835/835/835 836/836/836 837/837/837
f 838/838/838 839/839/839 840/840/840
f 841/841/841 842/842/842 843/843/843
f 844/844/844 845/845/845 846/846/846
f 847/847/847 848/848/848 849/849/849
f 850/850/850 851/851/851 852/852/852
f 853/853/853 854/854/854 855/855/855
f 856/856/856 857/857/857 858/858/858
f 859/859/859 860/860/860 861/861/861
f 862/862/862 863/863/863 864/864/864
f 865/865/865 866/866/866 867/867/867
f 868/868/868 869/869/869 870/870/870
f 871/871/871 872/872/872 873/873/873
f 874/874/874 875/875/875 876/876/876
f 877/877/877 878/878/878 879/879/879
f 880/880/880 881/881/881 882/882/882
f 883/883/883 884/884/884 885/885/885
f 886/886/886 887/887/887 888/888/888
f 889/889/889 890/890/890 891/891/891
f 892/892/892 893/893/893 894/894/894
f 895/895/895 896/896/896 897/897/897
f 898/898/898 899/899/899 900/900/900
f 901/901/901 902/902/902 903/903/903
f 904/904/904 905/905/905 906/906/906
f 907/907/907 908/908/908 909/909/909
f 910/910/910 911/911/911 912/912/912
f 913/913/913 914/914/914 915/915/915
f 916/916/916 917/917/917 918/918/918
f 919/919/919 920/920/920 921/921/921
f 922/922/922 923/923/923 924/924/924
f 925/925/925 926/926/926 927/927/927
f 928/928/928 929/929/929 930/930/930
f 931/931/931 932/932/932 933/933/933
f 934/934/934 935/935/935 936/936/936
f 937/937/937 938/938/938 939/939/939
f 940/940/940 941/941/941 942/942/942
f 943/943/943 944/944/944 945/945/945
f 946/946/946 947/947/947 948/948/948
f 949/949/949 950/950/950 951/951/951
f 952/952/952 953/953/953 954/954/954
f 955/955/955 956/956/956 957/957/957
f 958/958/958 959/959/959 960/960/960
f 961/961/961 962/962/962 963/963/963
f 964/964/964 965/965/965 966/966/966
f 967/967/967 968/968/968 969/969/969
f 970/970/970 971/971/971 972/972/972
f 973/973/973 974/974/974 975/975/975
f 976/976/976 977/977/977 978/978/978
f 979/979/979 980/980/980 981/981/981
f 982/982/982 983/983/983 984/984/984
f 985/985/985 986/986/986 987/987/987
f 988/988/988 989/989/989 990/990/990
f 991/991/991 992/992/992 993/993/993
f 994/994/994 995/995/995 996/996/996
f 997/997/997 998/998/998 999/999/999
f 1000/1000/1000 1001/1001/1001 1002/1002/1002
f 1003/1003/1003 1004/1004/1004 1005/1005/1005
f 1006/1006/1006 1007/1007/1007 1008/1008/1008
f 1009/1009/1009 1010/1010/1010 1011/1011/1011
f 1012/1012/1012 1013/1013/1013 1014/1014/1014
f 1015/1015/1015 1016/1016/1016 1017/1017/1017
f 1018/1018/1018 1019/1019/1019 1020/1020/1020
f 1021/1021/1021 1022/1022/1022 1023/1023/1023
f 1024/1024/1024 1025/1025/1025 1026/1026/1026
f 1027/1027/1027 1028/1028/1028 1029/1029/1029
f 1030/1030/1030 1031/1031/1031 1032/1032/1032
f 1033/1033/1033 1034/1034/1034 1035/1035/1035
f 1036/1036/1036 1037/1037/1037 1038/1038/1038
f 1039/1039/1039 1040/1040/1040 1041/1041/1041
f 1042/1042/1042 1043/1043/1043 1044/1044/1044
f 1045/1045/1045 1046/1046/1046 1047/1047/1047
f 1048/1048/1048 1049/1049/1049 1050/1050/1050
f 1051/1051/1051 1052/1052/1052 1053/1053/1053
f 1054/1054/1054 1055/1055/1055 1056/1056/1056
f 1057/1057/1057 1058/1058/1058 1059/1059/1059
f 1060/1060/1060 1061/1061/1061 1062/1062/1062
f 1063/1063/1063 1064/1064/1064 1065/1065/1065
f 1066/1066/1066 1067/1067/1067 1068/1068/1068
f 1069/1069/1069 1070/1070/1070 1071/1071/1071
f 1072/1072/1072 1073/1073/1073 1074/1074/1074
f 1075/1075/1075 1076/1076/1076 1077/1077/1077
f 1078/1078/1078 1079/1079/1079 1080/1080/1080
f 1081/1081/1081 1082/1082/1082 1083/1083/1083
f 1084/1084/1084 1085/1085/1085 1086/1086/1086
f 1087/1087/1087 1088/1088/1088 1089/1089/1089
f 1090/1090/1090 1091/1091/1091 1092/1092/1092
f 1093/1093/1093 1094/1094/1094 1095/1095/1095
f 1096/1096/1096 1097/1097/1097 1098/1098/1098
f 1099/1099/1099 1100/1100/1100 1101/1101/1101
f 1102/1102/1102 1103/1103/1103 1104/1104/1104
f 1105/1105/1105 1106/1106/1106 1107/1107/1107
f 1108/1108/1108 1109/1109/1109 1110/1110/1110
f 1111/1111/1111 1112/1112/1112 1113/1113/1113
f 1114/1114/1114 1115/1115/1115 1116/1116/1116
f 1117/1117/1117 1118/1118/1118 1119/1119/1119
f 1120/1120/1120 1121/1121/1121 1122/1122/1122
f 1123/1123/1123 1124/1124/1124 1125/1125/1125
f 1126/1126/1126 1127/1127/1127 1128/1128/1128
f 1129/1129/1129 1130/1130/1130 1131/1131/1131
f 1132/1132/1132 1133/1133/1133 1134/1134/1134
f 1135/1135/1135 1136/1136/1136 1137/1137/1137
f 1138/1138/1138 1139/1139/1139 1140/1140/1140
f 1141/1141/1141 1142/1142/1142 1143/1143/1143
f 1144/1144/1144 1145/1145/1145 1146/1146/1146
f 1147/1147/1147 1148/1148/1148 1149/1149/1149
f 1150/1150/1150 1151/1151/1151 1152/1152/1152
f 1153/1153/1153 1154/1154/1154 1155/1155/1155
f 1156/1156/1156 1157/1157/1157 1158/1158/1158
f 1159/1159/1159 1160/1160/1160 1161/1161/1161
f 1162/1162/1162 1163/1163/1163 1164/1164/1164
f 1165/1165/1165 1166/1166/1166 1167/1167/1167
f 1168/1168/1168 1169/1169/1169 1170/1170/1170
f 1171/1171/1171 1172/1172/1172 1173/1173/1173
f 1174/1174/1174 1175/1175/1175 1176/1176/1176
